{"count":1,"self":2114.1016575999997,"total":7772.3411012,"children":{"InitializeActuators":{"count":16,"self":0.0015086,"total":0.0015086,"children":null},"InitializeSensors":{"count":16,"self":0.0015122999999999998,"total":0.0015122999999999998,"children":null},"AgentSendState":{"count":1108502,"self":5.1629308,"total":39.4394752,"children":{"CollectObservations":{"count":1773616,"self":18.9626976,"total":18.9626984,"children":null},"WriteActionMask":{"count":1773616,"self":0.5526405,"total":0.5526405,"children":null},"RequestDecision":{"count":1773616,"self":1.4968583,"total":14.761205599999998,"children":{"AgentInfo.ToProto":{"count":1773616,"self":2.2325888,"total":13.264347299999999,"children":{"GenerateSensorData":{"count":1773616,"self":11.0317584,"total":11.031758499999999,"children":null}}}}}}},"DecideAction":{"count":1108502,"self":5574.6691071999994,"total":5574.6690838999994,"children":null},"AgentAct":{"count":1108502,"self":42.54336,"total":43.9804935,"children":{"AgentInfo.ToProto":{"count":91017,"self":0.373314,"total":1.4371336,"children":{"GenerateSensorData":{"count":91017,"self":1.0638196,"total":1.0638196,"children":null}}}}},"AgentInfo.ToProto":{"count":8089,"self":0.0454103,"total":0.1458744,"children":{"GenerateSensorData":{"count":8089,"self":0.1004641,"total":0.1004641,"children":null}}}},"gauges":{"CRB15000.CumulativeReward":{"count":99106,"max":184.87088,"min":-316.9367,"runningAverage":24.6872082,"value":54.3833466,"weightedAverage":22.8943977}},"metadata":{"timer_format_version":"0.1.0","start_time_seconds":"1715246562","unity_version":"2023.2.19f1","command_line_arguments":"C:\\Users\\18125\\CRB15000-RL\\.\/Multitrain\/ABB-RL.exe -nographics -batchmode --mlagents-port 5007 -logFile C:\\Users\\18125\\CRB15000-RL\\results\\ModifiedLow\\run_logs\\Player-2.log","communication_protocol_version":"1.5.0","com.unity.ml-agents_version":"2.0.1","scene_name":"CRB15000TrainLowMulti","end_time_seconds":"1715254334"}}