{"count":1,"self":1415.0422528,"total":6541.0783557999994,"children":{"InitializeActuators":{"count":16,"self":0.0010245,"total":0.0010245,"children":null},"InitializeSensors":{"count":16,"self":0.0020333,"total":0.0020333,"children":null},"AgentSendState":{"count":605126,"self":3.8268844,"total":23.976091999999998,"children":{"CollectObservations":{"count":968208,"self":10.114930399999999,"total":10.1149305,"children":null},"WriteActionMask":{"count":968208,"self":0.39862319999999996,"total":0.39862319999999996,"children":null},"RequestDecision":{"count":968208,"self":1.0193672,"total":9.6356539999999988,"children":{"AgentInfo.ToProto":{"count":968208,"self":1.5619672999999998,"total":8.6162868,"children":{"GenerateSensorData":{"count":968208,"self":7.0543192,"total":7.0543195,"children":null}}}}}}},"DecideAction":{"count":605126,"self":5051.5406847999993,"total":5051.5406330999995,"children":null},"AgentAct":{"count":605126,"self":50.3430848,"total":50.5107971,"children":{"AgentInfo.ToProto":{"count":9621,"self":0.047442899999999996,"total":0.1677116,"children":{"GenerateSensorData":{"count":9621,"self":0.12026869999999999,"total":0.12026869999999999,"children":null}}}}},"AgentInfo.ToProto":{"count":137,"self":0.0030323999999999998,"total":0.0040316,"children":{"GenerateSensorData":{"count":137,"self":0.0009992,"total":0.0009992,"children":null}}}},"gauges":{"CRB15000.CumulativeReward":{"count":9758,"max":1846.97839,"min":-96.54321,"runningAverage":53.6384239,"value":47.98689,"weightedAverage":144.737}},"metadata":{"timer_format_version":"0.1.0","start_time_seconds":"1715760453","unity_version":"2023.2.19f1","command_line_arguments":"C:\\Users\\18125\\CRB15000-RL\\.\/Multitrain\/ABB-RL.exe -nographics -batchmode --mlagents-port 5005 -logFile C:\\Users\\18125\\CRB15000-RL\\results\\ModifiedLowPen\\run_logs\\Player-0.log","communication_protocol_version":"1.5.0","com.unity.ml-agents_version":"2.0.1","scene_name":"CRB15000TrainLowMult","end_time_seconds":"1715766994"}}