{"count":1,"self":667.1291904,"total":4132.8988788999995,"children":{"InitializeActuators":{"count":16,"self":0.0005048,"total":0.0005048,"children":null},"InitializeSensors":{"count":16,"self":0.0005032,"total":0.0005032,"children":null},"AgentSendState":{"count":362751,"self":1.717274,"total":11.9658875,"children":{"CollectObservations":{"count":580416,"self":5.163848,"total":5.163848,"children":null},"WriteActionMask":{"count":580416,"self":0.21279289999999998,"total":0.21279289999999998,"children":null},"RequestDecision":{"count":580416,"self":0.5263126,"total":4.8719727,"children":{"AgentInfo.ToProto":{"count":580416,"self":0.7564449,"total":4.3456601,"children":{"GenerateSensorData":{"count":580416,"self":3.5892152,"total":3.5892152,"children":null}}}}}}},"DecideAction":{"count":362751,"self":3427.8576128,"total":3427.8575447999997,"children":null},"AgentAct":{"count":362751,"self":25.791201599999997,"total":25.872913,"children":{"AgentInfo.ToProto":{"count":4915,"self":0.021097499999999998,"total":0.08171139999999999,"children":{"GenerateSensorData":{"count":4915,"self":0.0606139,"total":0.0606139,"children":null}}}}},"AgentInfo.ToProto":{"count":3698,"self":0.0260664,"total":0.06984209999999999,"children":{"GenerateSensorData":{"count":3698,"self":0.0437757,"total":0.0437757,"children":null}}}},"gauges":{"CRB15000.CumulativeReward":{"count":8613,"max":-96.96453,"min":-40084.543,"runningAverage":-3816.43433,"value":-225.583389,"weightedAverage":-218.233444}},"metadata":{"timer_format_version":"0.1.0","start_time_seconds":"1715594546","unity_version":"2023.2.19f1","command_line_arguments":"C:\\Users\\18125\\CRB15000-RL\\Assets\\..\/Multitrain\/ABB-RL.exe -nographics -batchmode --mlagents-port 5011 -logFile C:\\Users\\18125\\CRB15000-RL\\Assets\\results\\ModifiedLowPen\\run_logs\\Player-6.log","communication_protocol_version":"1.5.0","com.unity.ml-agents_version":"2.0.1","scene_name":"CRB15000TrainLowMult","end_time_seconds":"1715598679"}}