{"count":1,"self":10644.1900032,"total":40104.024814,"children":{"InitializeActuators":{"count":16,"self":0.0010111,"total":0.0010111,"children":null},"InitializeSensors":{"count":16,"self":0.0015088999999999999,"total":0.0015088999999999999,"children":null},"AgentSendState":{"count":4176006,"self":25.3557664,"total":154.8754475,"children":{"CollectObservations":{"count":6681616,"self":64.978272,"total":64.9782719,"children":null},"WriteActionMask":{"count":6681616,"self":2.738604,"total":2.738604,"children":null},"RequestDecision":{"count":6681616,"self":6.7177624,"total":61.802804599999995,"children":{"AgentInfo.ToProto":{"count":6681616,"self":10.245756799999999,"total":55.085042099999995,"children":{"GenerateSensorData":{"count":6681616,"self":44.8392864,"total":44.8392854,"children":null}}}}}}},"DecideAction":{"count":4176006,"self":28969.1860992,"total":28969.1873586,"children":null},"AgentAct":{"count":4176006,"self":334.8208128,"total":335.7661846,"children":{"AgentInfo.ToProto":{"count":66794,"self":0.23947919999999998,"total":0.9453670999999999,"children":{"GenerateSensorData":{"count":66794,"self":0.7058879,"total":0.7058879,"children":null}}}}},"AgentInfo.ToProto":{"count":37,"self":0,"total":0.0010291999999999999,"children":{"GenerateSensorData":{"count":37,"self":0.0010291999999999999,"total":0.0010291999999999999,"children":null}}}},"gauges":{"CRB15000.CumulativeReward":{"count":66831,"max":983.0296,"min":-546.0559,"runningAverage":705.9017,"value":134.422958,"weightedAverage":384.374725}},"metadata":{"timer_format_version":"0.1.0","start_time_seconds":"1716095928","unity_version":"2023.2.19f1","command_line_arguments":"C:\\Users\\18125\\CRB15000-RL\\.\/Multitrain\/ABB-RL.exe -nographics -batchmode --mlagents-port 5008 -logFile C:\\Users\\18125\\CRB15000-RL\\results\\NoPen\\run_logs\\Player-3.log","communication_protocol_version":"1.5.0","com.unity.ml-agents_version":"2.0.1","scene_name":"CRB15000TrainLowMult","end_time_seconds":"1716136032"}}