{"count":1,"self":3262.570496,"total":12858.826705399999,"children":{"InitializeActuators":{"count":16,"self":0.0019998999999999998,"total":0.0019998999999999998,"children":null},"InitializeSensors":{"count":16,"self":0.0009995,"total":0.0009995,"children":null},"AgentSendState":{"count":1542376,"self":9.4376456,"total":59.5674159,"children":{"CollectObservations":{"count":2467808,"self":25.3683488,"total":25.368349199999997,"children":null},"WriteActionMask":{"count":2467808,"self":1.0199083,"total":1.0199083,"children":null},"RequestDecision":{"count":2467808,"self":2.5525434,"total":23.7415129,"children":{"AgentInfo.ToProto":{"count":2467808,"self":3.8664028,"total":21.1889695,"children":{"GenerateSensorData":{"count":2467808,"self":17.3225664,"total":17.3225666,"children":null}}}}}}},"DecideAction":{"count":1542376,"self":9404.14976,"total":9404.1494728,"children":null},"AgentAct":{"count":1542376,"self":132.1051264,"total":132.52153529999998,"children":{"AgentInfo.ToProto":{"count":24508,"self":0.11316219999999999,"total":0.4164059,"children":{"GenerateSensorData":{"count":24508,"self":0.3032437,"total":0.3032437,"children":null}}}}},"AgentInfo.ToProto":{"count":791,"self":0.0066425999999999994,"total":0.012776099999999999,"children":{"GenerateSensorData":{"count":791,"self":0.0061335,"total":0.0061335,"children":null}}}},"gauges":{"CRB15000.CumulativeReward":{"count":25299,"max":1386.54517,"min":-1738.5448,"runningAverage":-10.009963,"value":78.34252,"weightedAverage":75.15854}},"metadata":{"timer_format_version":"0.1.0","start_time_seconds":"1715767065","unity_version":"2023.2.19f1","command_line_arguments":"C:\\Users\\18125\\CRB15000-RL\\.\/Multitrain\/ABB-RL.exe -nographics -batchmode --mlagents-port 5006 -logFile C:\\Users\\18125\\CRB15000-RL\\results\\ModifiedLowPen\\run_logs\\Player-1.log","communication_protocol_version":"1.5.0","com.unity.ml-agents_version":"2.0.1","scene_name":"CRB15000TrainLowMult","end_time_seconds":"1715779923"}}