{"count":1,"self":8938.1003264,"total":45731.2610902,"children":{"InitializeActuators":{"count":16,"self":0.0015092999999999999,"total":0.0015092999999999999,"children":null},"InitializeSensors":{"count":16,"self":0.0010065999999999999,"total":0.0010065999999999999,"children":null},"AgentSendState":{"count":4829507,"self":25.2289936,"total":165.6035416,"children":{"CollectObservations":{"count":7727216,"self":69.4757824,"total":69.4757802,"children":null},"WriteActionMask":{"count":7727216,"self":2.7908792,"total":2.7908792,"children":null},"RequestDecision":{"count":7727216,"self":7.0844704,"total":68.1078886,"children":{"AgentInfo.ToProto":{"count":7727216,"self":10.991485599999999,"total":61.023418,"children":{"GenerateSensorData":{"count":7727216,"self":50.0319328,"total":50.031932399999995,"children":null}}}}}}},"DecideAction":{"count":4829507,"self":36275.8176768,"total":36275.8189743,"children":null},"AgentAct":{"count":4829507,"self":348.77158399999996,"total":349.7154758,"children":{"AgentInfo.ToProto":{"count":57877,"self":0.2624681,"total":0.94388889999999992,"children":{"GenerateSensorData":{"count":57877,"self":0.68142079999999994,"total":0.68142079999999994,"children":null}}}}},"AgentInfo.ToProto":{"count":114680,"self":0.7269202,"total":2.0178599999999998,"children":{"GenerateSensorData":{"count":114680,"self":1.2909397999999999,"total":1.2909397999999999,"children":null}}}},"gauges":{"CRB15000.CumulativeReward":{"count":172557,"max":809.6765,"min":-1967.31543,"runningAverage":-280.0374,"value":19.561451,"weightedAverage":182.589478}},"metadata":{"timer_format_version":"0.1.0","start_time_seconds":"1716182331","unity_version":"2023.2.19f1","command_line_arguments":"C:\\Users\\18125\\CRB15000-RL\\.\/Multitrain\/ABB-RL.exe -nographics -batchmode --mlagents-port 5005 -logFile C:\\Users\\18125\\CRB15000-RL\\results\\NoPen\\run_logs\\Player-0.log","communication_protocol_version":"1.5.0","com.unity.ml-agents_version":"2.0.1","scene_name":"CRB15000TrainLowMult","end_time_seconds":"1716228062"}}