{"count":1,"self":2136.8199168,"total":8907.2366778,"children":{"InitializeActuators":{"count":16,"self":0.0010789,"total":0.0010789,"children":null},"InitializeSensors":{"count":16,"self":0.0005096,"total":0.0005096,"children":null},"AgentSendState":{"count":1129126,"self":6.1084863999999994,"total":40.8655556,"children":{"CollectObservations":{"count":1806608,"self":17.5025648,"total":17.5025646,"children":null},"WriteActionMask":{"count":1806608,"self":0.7272019,"total":0.7272019,"children":null},"RequestDecision":{"count":1806608,"self":1.7929203999999999,"total":16.5273027,"children":{"AgentInfo.ToProto":{"count":1806608,"self":2.5758744,"total":14.7343823,"children":{"GenerateSensorData":{"count":1806608,"self":12.158508,"total":12.158507799999999,"children":null}}}}}}},"DecideAction":{"count":1129126,"self":6641.670144,"total":6641.6699868999995,"children":null},"AgentAct":{"count":1129126,"self":87.512608,"total":87.7988811,"children":{"AgentInfo.ToProto":{"count":16903,"self":0.0769687,"total":0.2862725,"children":{"GenerateSensorData":{"count":16903,"self":0.20930379999999998,"total":0.20930379999999998,"children":null}}}}},"AgentInfo.ToProto":{"count":4479,"self":0.0312584,"total":0.077830299999999991,"children":{"GenerateSensorData":{"count":4479,"self":0.0465719,"total":0.0465719,"children":null}}}},"gauges":{"CRB15000.CumulativeReward":{"count":21382,"max":-67.44237,"min":-50034.79,"runningAverage":-1917.49731,"value":-121.527229,"weightedAverage":-469.273224}},"metadata":{"timer_format_version":"0.1.0","start_time_seconds":"1715585467","unity_version":"2023.2.19f1","command_line_arguments":"C:\\Users\\18125\\CRB15000-RL\\.\/Multitrain\/ABB-RL.exe -nographics -batchmode --mlagents-port 5005 -logFile C:\\Users\\18125\\CRB15000-RL\\results\\ModifiedLowPen\\run_logs\\Player-0.log","communication_protocol_version":"1.5.0","com.unity.ml-agents_version":"2.0.1","scene_name":"CRB15000TrainLowMult","end_time_seconds":"1715594374"}}