{
    "name": "root",
    "gauges": {
        "CRB15000.Policy.Entropy.mean": {
            "value": -2.976184844970703,
            "min": -3.91960072517395,
            "max": -2.968248128890991,
            "count": 151
        },
        "CRB15000.Policy.Entropy.sum": {
            "value": -488332.40625,
            "min": -655445.0,
            "max": -484825.71875,
            "count": 151
        },
        "CRB15000.Environment.EpisodeLength.mean": {
            "value": 82.41577608142494,
            "min": 15.343940149625935,
            "max": 99.0,
            "count": 151
        },
        "CRB15000.Environment.EpisodeLength.sum": {
            "value": 161947.0,
            "min": 153823.0,
            "max": 162360.0,
            "count": 151
        },
        "CRB15000.Step.mean": {
            "value": 24739816.0,
            "min": 163837.0,
            "max": 24739816.0,
            "count": 151
        },
        "CRB15000.Step.sum": {
            "value": 24739816.0,
            "min": 163837.0,
            "max": 24739816.0,
            "count": 151
        },
        "CRB15000.Policy.ExtrinsicValueEstimate.mean": {
            "value": -2.9102346897125244,
            "min": -13.208367347717285,
            "max": 7.365243911743164,
            "count": 151
        },
        "CRB15000.Policy.ExtrinsicValueEstimate.sum": {
            "value": -5718.611328125,
            "min": -132387.46875,
            "max": 13419.474609375,
            "count": 151
        },
        "CRB15000.Environment.CumulativeReward.mean": {
            "value": -0.7577614812298888,
            "min": -0.9259867667407113,
            "max": -0.12741792958652798,
            "count": 151
        },
        "CRB15000.Environment.CumulativeReward.sum": {
            "value": -1489.0013106167316,
            "min": -9281.16536304215,
            "max": -208.71056866273284,
            "count": 151
        },
        "CRB15000.Policy.ExtrinsicReward.mean": {
            "value": -0.7577614812298888,
            "min": -0.9259867667407113,
            "max": -0.12741792958652798,
            "count": 151
        },
        "CRB15000.Policy.ExtrinsicReward.sum": {
            "value": -1489.0013106167316,
            "min": -9281.16536304215,
            "max": -208.71056866273284,
            "count": 151
        },
        "CRB15000.Losses.PolicyLoss.mean": {
            "value": 0.00859621882218562,
            "min": 0.008429849668755197,
            "max": 0.28640287382586394,
            "count": 151
        },
        "CRB15000.Losses.PolicyLoss.sum": {
            "value": 0.01719243764437124,
            "min": 0.016859699337510393,
            "max": 0.5728057476517279,
            "count": 151
        },
        "CRB15000.Losses.ValueLoss.mean": {
            "value": 0.8240103891002946,
            "min": 0.021696847293060272,
            "max": 98.75012063980103,
            "count": 151
        },
        "CRB15000.Losses.ValueLoss.sum": {
            "value": 1.6480207782005891,
            "min": 0.043393694586120544,
            "max": 197.50024127960205,
            "count": 151
        },
        "CRB15000.Policy.LearningRate.mean": {
            "value": 0.0002852175655274797,
            "min": 0.0002852175655274797,
            "max": 0.0002999500800166399,
            "count": 151
        },
        "CRB15000.Policy.LearningRate.sum": {
            "value": 0.0005704351310549594,
            "min": 0.0002999500800166399,
            "max": 0.0005997526638824454,
            "count": 151
        },
        "CRB15000.Policy.Epsilon.mean": {
            "value": 0.19507252020000004,
            "min": 0.19507252020000004,
            "max": 0.19998336000000003,
            "count": 151
        },
        "CRB15000.Policy.Epsilon.sum": {
            "value": 0.3901450404000001,
            "min": 0.19998336000000003,
            "max": 0.3999175546,
            "count": 151
        },
        "CRB15000.Policy.Beta.mean": {
            "value": 0.00475411875798,
            "min": 0.00475411875798,
            "max": 0.0049991696639999994,
            "count": 151
        },
        "CRB15000.Policy.Beta.sum": {
            "value": 0.00950823751596,
            "min": 0.0049991696639999994,
            "max": 0.00999588597454,
            "count": 151
        },
        "CRB15000.IsTraining.mean": {
            "value": 1.0,
            "min": 1.0,
            "max": 1.0,
            "count": 151
        },
        "CRB15000.IsTraining.sum": {
            "value": 1.0,
            "min": 1.0,
            "max": 1.0,
            "count": 151
        }
    },
    "metadata": {
        "timer_format_version": "0.1.0",
        "start_time_seconds": "1716823714",
        "python_version": "3.10.12 | packaged by Anaconda, Inc. | (main, Jul  5 2023, 19:01:18) [MSC v.1916 64 bit (AMD64)]",
        "command_line_arguments": "C:\\Users\\18125\\anaconda3\\envs\\mlagents\\Scripts\\mlagents-learn ./config/ABB.yaml --run-id MLPNormalized --env=./Builds/GymMLPNorm/ABB-RL --num-envs=8 --initialize-from ModifiedLowPen --force",
        "mlagents_version": "1.0.0",
        "mlagents_envs_version": "1.0.0",
        "communication_protocol_version": "1.5.0",
        "pytorch_version": "2.3.0+cpu",
        "numpy_version": "1.22.4",
        "end_time_seconds": "1716841147"
    },
    "total": 17432.905734500033,
    "count": 1,
    "self": 5.0216506000142545,
    "children": {
        "run_training.setup": {
            "total": 0.4103581999661401,
            "count": 1,
            "self": 0.4103581999661401
        },
        "TrainerController.start_learning": {
            "total": 17427.473725700052,
            "count": 1,
            "self": 31.36222261225339,
            "children": {
                "TrainerController._reset_env": {
                    "total": 3.564627599902451,
                    "count": 1,
                    "self": 3.564627599902451
                },
                "TrainerController.advance": {
                    "total": 17392.496211487916,
                    "count": 1158311,
                    "self": 29.49030403699726,
                    "children": {
                        "env_step": {
                            "total": 5100.787411572412,
                            "count": 1158311,
                            "self": 3001.994179173722,
                            "children": {
                                "SubprocessEnvManager._take_step": {
                                    "total": 2078.8123055656906,
                                    "count": 1791819,
                                    "self": 134.45430434122682,
                                    "children": {
                                        "TorchPolicy.evaluate": {
                                            "total": 1944.3580012244638,
                                            "count": 1554202,
                                            "self": 1944.3580012244638
                                        }
                                    }
                                },
                                "workers": {
                                    "total": 19.980926832999103,
                                    "count": 1158311,
                                    "self": 0.0,
                                    "children": {
                                        "worker_root": {
                                            "total": 139350.90355298808,
                                            "count": 1791812,
                                            "is_parallel": true,
                                            "self": 98397.0331411094,
                                            "children": {
                                                "steps_from_proto": {
                                                    "total": 0.0024471997749060392,
                                                    "count": 8,