{
    "name": "root",
    "gauges": {
        "CRB15000.Policy.Entropy.mean": {
            "value": -0.9693730473518372,
            "min": -0.9693730473518372,
            "max": -0.9253566861152649,
            "count": 44
        },
        "CRB15000.Policy.Entropy.sum": {
            "value": -39612.4609375,
            "min": -39802.5390625,
            "max": -8902.8564453125,
            "count": 44
        },
        "CRB15000.Environment.EpisodeLength.mean": {
            "value": 97.95652173913044,
            "min": 97.16507177033493,
            "max": 99.0,
            "count": 44
        },
        "CRB15000.Environment.EpisodeLength.sum": {
            "value": 40554.0,
            "min": 9207.0,
            "max": 40628.0,
            "count": 44
        },
        "CRB15000.Step.mean": {
            "value": 4997112.0,
            "min": 3235800.0,
            "max": 4997112.0,
            "count": 44
        },
        "CRB15000.Step.sum": {
            "value": 4997112.0,
            "min": 3235800.0,
            "max": 4997112.0,
            "count": 44
        },
        "CRB15000.Policy.ExtrinsicValueEstimate.mean": {
            "value": 0.9475070834159851,
            "min": 0.5582545399665833,
            "max": 0.9589491486549377,
            "count": 44
        },
        "CRB15000.Policy.ExtrinsicValueEstimate.sum": {
            "value": 392.2679443359375,
            "min": 51.90801239013672,
            "max": 397.00494384765625,
            "count": 44
        },
        "CRB15000.Environment.CumulativeReward.mean": {
            "value": 1.1994410479252322,
            "min": 0.8073134211732483,
            "max": 1.2096726963822932,
            "count": 44
        },
        "CRB15000.Environment.CumulativeReward.sum": {
            "value": 496.5685938410461,
            "min": 96.92709212983027,
            "max": 500.8044963022694,
            "count": 44
        },
        "CRB15000.Policy.ExtrinsicReward.mean": {
            "value": 1.1994410479252322,
            "min": 0.8073134211732483,
            "max": 1.2096726963822932,
            "count": 44
        },
        "CRB15000.Policy.ExtrinsicReward.sum": {
            "value": 496.5685938410461,
            "min": 96.92709212983027,
            "max": 500.8044963022694,
            "count": 44
        },
        "CRB15000.IsTraining.mean": {
            "value": 1.0,
            "min": 1.0,
            "max": 1.0,
            "count": 44
        },
        "CRB15000.IsTraining.sum": {
            "value": 1.0,
            "min": 1.0,
            "max": 1.0,
            "count": 44
        },
        "CRB15000.Losses.PolicyLoss.mean": {
            "value": 0.010375956458529779,
            "min": 0.010018449227936798,
            "max": 0.0134322784091637,
            "count": 43
        },
        "CRB15000.Losses.PolicyLoss.sum": {
            "value": 0.010375956458529779,
            "min": 0.010018449227936798,
            "max": 0.0134322784091637,
            "count": 43
        },
        "CRB15000.Losses.ValueLoss.mean": {
            "value": 0.044834272703155875,
            "min": 0.018024570355191828,
            "max": 0.05276658493094146,
            "count": 43
        },
        "CRB15000.Losses.ValueLoss.sum": {
            "value": 0.044834272703155875,
            "min": 0.018024570355191828,
            "max": 0.05276658493094146,
            "count": 43
        },
        "CRB15000.Policy.LearningRate.mean": {
            "value": 5.77659807479988e-07,
            "min": 5.77659807479988e-07,
            "max": 0.00010394406535200001,
            "count": 43
        },
        "CRB15000.Policy.LearningRate.sum": {
            "value": 5.77659807479988e-07,
            "min": 5.77659807479988e-07,
            "max": 0.00010394406535200001,
            "count": 43
        },
        "CRB15000.Policy.Epsilon.mean": {
            "value": 0.10019252000000001,
            "min": 0.10019252000000001,
            "max": 0.13464800000000005,
            "count": 43
        },
        "CRB15000.Policy.Epsilon.sum": {
            "value": 0.10019252000000001,
            "min": 0.10019252000000001,
            "max": 0.13464800000000005,
            "count": 43
        },
        "CRB15000.Policy.Beta.mean": {
            "value": 1.9606747999999805e-05,
            "min": 1.9606747999999805e-05,
            "max": 0.0017389352000000001,
            "count": 43
        },
        "CRB15000.Policy.Beta.sum": {
            "value": 1.9606747999999805e-05,
            "min": 1.9606747999999805e-05,
            "max": 0.0017389352000000001,
            "count": 43
        }
    },
    "metadata": {
        "timer_format_version": "0.1.0",
        "start_time_seconds": "1718964116",
        "python_version": "3.10.12 | packaged by Anaconda, Inc. | (main, Jul  5 2023, 19:01:18) [MSC v.1916 64 bit (AMD64)]",
        "command_line_arguments": "C:\\Users\\18125\\anaconda3\\envs\\mlagents\\Scripts\\mlagents-learn ./config/HighBatch.yaml --run-id rq4 --env=./Builds/rq4/ABB-RL --num-envs=8 --resume",
        "mlagents_version": "1.0.0",
        "mlagents_envs_version": "1.0.0",
        "communication_protocol_version": "1.5.0",
        "pytorch_version": "2.3.0+cpu",
        "numpy_version": "1.22.4",
        "end_time_seconds": "1718994238"
    },
    "total": 30122.38751899998,
    "count": 1,
    "self": 0.8362546999996994,
    "children": {
        "run_training.setup": {
            "total": 0.3582791999797337,
            "count": 1,
            "self": 0.3582791999797337
        },
        "TrainerController.start_learning": {
            "total": 30121.192985100002,
            "count": 1,
            "self": 33.277128425077535,
            "children": {
                "TrainerController._reset_env": {
                    "total": 7.617992499988759,
                    "count": 1,
                    "self": 7.617992499988759
                },
                "TrainerController.advance": {
                    "total": 30080.26788637496,
                    "count": 1769833,
                    "self": 29.26721027129679,
                    "children": {
                        "env_step": {
                            "total": 28884.39092120604,
                            "count": 1769833,
                            "self": 27277.6506315851,
                            "children": {
                                "SubprocessEnvManager._take_step": {
                                    "total": 1585.8515162989206,
                                    "count": 1789908,
                                    "self": 86.45691160220304,
                                    "children": {
                                        "TorchPolicy.evaluate": {
                                            "total": 1499.3946046967176,
                                            "count": 1773698,
                                            "self": 1499.3946046967176
                                        }
                                    }
                                },
                                "workers": {
                                    "total": 20.888773322018096,
                                    "count": 1769833,
                                    "self": 0.0,
                                    "children": {
                                        "worker_root": {
                                            "total": 240866.66754242044,
                                            "count": 1789901,
                                            "is_parallel": true,
                                            "self": 11479.647452916368,
                                            "children": {
                                                "steps_from_proto": {
                                                    "total": 0.0013823000190313905,
                                                    "count": 8,