{
    "name": "root",
    "gauges": {
        "CRB15000.Policy.Entropy.mean": {
            "value": -2.8615612983703613,
            "min": -2.8615612983703613,
            "max": -2.412609577178955,
            "count": 264
        },
        "CRB15000.Policy.Entropy.sum": {
            "value": -116064.921875,
            "min": -121304.9453125,
            "max": -62650.64453125,
            "count": 264
        },
        "CRB15000.Environment.EpisodeLength.mean": {
            "value": 98.73479318734793,
            "min": 98.04326923076923,
            "max": 99.0,
            "count": 264
        },
        "CRB15000.Environment.EpisodeLength.sum": {
            "value": 40580.0,
            "min": 23541.0,
            "max": 41679.0,
            "count": 264
        },
        "CRB15000.Step.mean": {
            "value": 40304598.0,
            "min": 29532143.0,
            "max": 40304598.0,
            "count": 264
        },
        "CRB15000.Step.sum": {
            "value": 40304598.0,
            "min": 29532143.0,
            "max": 40304598.0,
            "count": 264
        },
        "CRB15000.Policy.ExtrinsicValueEstimate.mean": {
            "value": 2111.266845703125,
            "min": 1310.5693359375,
            "max": 2176.85986328125,
            "count": 264
        },
        "CRB15000.Policy.ExtrinsicValueEstimate.sum": {
            "value": 867730.6875,
            "min": 316940.4375,
            "max": 894689.375,
            "count": 264
        },
        "CRB15000.Environment.CumulativeReward.mean": {
            "value": 460.54147035710133,
            "min": 385.0039464293174,
            "max": 848.7196889416656,
            "count": 264
        },
        "CRB15000.Environment.CumulativeReward.sum": {
            "value": 189282.54431676865,
            "min": 138108.91350746155,
            "max": 347975.0724660829,
            "count": 264
        },
        "CRB15000.Policy.ExtrinsicReward.mean": {
            "value": 460.54147035710133,
            "min": 385.0039464293174,
            "max": 848.7196889416656,
            "count": 264
        },
        "CRB15000.Policy.ExtrinsicReward.sum": {
            "value": 189282.54431676865,
            "min": 138108.91350746155,
            "max": 347975.0724660829,
            "count": 264
        },
        "CRB15000.IsTraining.mean": {
            "value": 1.0,
            "min": 1.0,
            "max": 1.0,
            "count": 264
        },
        "CRB15000.IsTraining.sum": {
            "value": 1.0,
            "min": 1.0,
            "max": 1.0,
            "count": 264
        },
        "CRB15000.Losses.PolicyLoss.mean": {
            "value": 0.01219306553102797,
            "min": 0.009559291359801136,
            "max": 0.01528320727411483,
            "count": 262
        },
        "CRB15000.Losses.PolicyLoss.sum": {
            "value": 0.01219306553102797,
            "min": 0.009559291359801136,
            "max": 0.01528320727411483,
            "count": 262
        },
        "CRB15000.Losses.ValueLoss.mean": {
            "value": 50928.585546875,
            "min": 35376.86804199219,
            "max": 126720.3369140625,
            "count": 262
        },
        "CRB15000.Losses.ValueLoss.sum": {
            "value": 50928.585546875,
            "min": 35376.86804199219,
            "max": 126720.3369140625,
            "count": 262
        },
        "CRB15000.Policy.LearningRate.mean": {
            "value": 5.8212692595796e-05,
            "min": 5.8212692595796e-05,
            "max": 0.00012269763510080803,
            "count": 262
        },
        "CRB15000.Policy.LearningRate.sum": {
            "value": 5.8212692595796e-05,
            "min": 5.8212692595796e-05,
            "max": 0.00012269763510080803,
            "count": 262
        },
        "CRB15000.Policy.Epsilon.mean": {
            "value": 0.11940420400000004,
            "min": 0.11940420400000004,
            "max": 0.140899192,
            "count": 262
        },
        "CRB15000.Policy.Epsilon.sum": {
            "value": 0.11940420400000004,
            "min": 0.11940420400000004,
            "max": 0.140899192,
            "count": 262
        },
        "CRB15000.Policy.Beta.mean": {
            "value": 0.0009782697796,
            "min": 0.0009782697796,
            "max": 0.0020508696808,
            "count": 262
        },
        "CRB15000.Policy.Beta.sum": {
            "value": 0.0009782697796,
            "min": 0.0009782697796,
            "max": 0.0020508696808,
            "count": 262
        }
    },
    "metadata": {
        "timer_format_version": "0.1.0",
        "start_time_seconds": "1715449265",
        "python_version": "3.10.12 | packaged by Anaconda, Inc. | (main, Jul  5 2023, 19:01:18) [MSC v.1916 64 bit (AMD64)]",
        "command_line_arguments": "C:\\Users\\18125\\anaconda3\\envs\\mlagents\\Scripts\\mlagents-learn ./Assets/config/ABB.yaml --run-id CRB15000-Rot --env=./Multitrain/ABB-RL --num-envs=8 --resume",
        "mlagents_version": "1.0.0",
        "mlagents_envs_version": "1.0.0",
        "communication_protocol_version": "1.5.0",
        "pytorch_version": "2.3.0+cpu",
        "numpy_version": "1.22.4",
        "end_time_seconds": "1715457522"
    },
    "total": 8257.301494500018,
    "count": 1,
    "self": 0.4375281000393443,
    "children": {
        "run_training.setup": {
            "total": 0.38496709999162704,
            "count": 1,
            "self": 0.38496709999162704
        },
        "TrainerController.start_learning": {
            "total": 8256.478999299987,
            "count": 1,
            "self": 11.525444719765801,
            "children": {
                "TrainerController._reset_env": {
                    "total": 3.4711061000125483,
                    "count": 1,
                    "self": 3.4711061000125483
                },
                "TrainerController.advance": {
                    "total": 8241.359139980166,
                    "count": 495000,
                    "self": 11.51258768630214,
                    "children": {
                        "env_step": {
                            "total": 2420.073380604852,
                            "count": 495000,
                            "self": 1535.5280348700471,
                            "children": {
                                "SubprocessEnvManager._take_step": {
                                    "total": 876.83127741114,
                                    "count": 726807,
                                    "self": 51.00877710792702,
                                    "children": {
                                        "TorchPolicy.evaluate": {
                                            "total": 825.822500303213,
                                            "count": 677291,
                                            "self": 825.822500303213
                                        }
                                    }
                                },
                                "workers": {
                                    "total": 7.714068323664833,
                                    "count": 495000,
                                    "self": 0.0,
                                    "children": {
                                        "worker_root": {
                                            "total": 65935.56271879253,
                                            "count": 726800,
                                            "is_parallel": true,
                                            "self": 47087.9242860839,
                                            "children": {
                                                "steps_from_proto": {
                                                    "total": 0.0024965000920929015,
                                                    "count": 8,
                                                    "is_parallel": true,