{
    "name": "root",
    "metadata": {
        "timer_format_version": "0.1.0",
        "start_time_seconds": "1717944164",
        "python_version": "3.10.12 | packaged by Anaconda, Inc. | (main, Jul  5 2023, 19:01:18) [MSC v.1916 64 bit (AMD64)]",
        "command_line_arguments": "C:\\Users\\18125\\anaconda3\\envs\\mlagents\\Scripts\\mlagents-learn ./config/Slow.yaml --run-id GymHighsss --env=./Builds/GHS/ABB-RL --num-envs=1",
        "mlagents_version": "1.0.0",
        "mlagents_envs_version": "1.0.0",
        "communication_protocol_version": "1.5.0",
        "pytorch_version": "2.3.0+cpu",
        "numpy_version": "1.22.4",
        "end_time_seconds": "1717944241"
    },
    "total": 77.01900750002824,
    "count": 1,
    "self": 4.217283500009216,
    "children": {
        "run_training.setup": {
            "total": 0.05980779998935759,
            "count": 1,
            "self": 0.05980779998935759
        },
        "TrainerController.start_learning": {
            "total": 72.74191620002966,
            "count": 1,
            "self": 0.005692398990504444,
            "children": {
                "TrainerController._reset_env": {
                    "total": 3.9839632000075653,
                    "count": 1,
                    "self": 3.9839632000075653
                },
                "TrainerController.advance": {
                    "total": 68.69430470105726,
                    "count": 410,
                    "self": 0.00431780144572258,
                    "children": {
                        "env_step": {
                            "total": 68.45822639937978,
                            "count": 410,
                            "self": 68.30049519834574,
                            "children": {
                                "SubprocessEnvManager._take_step": {
                                    "total": 0.15461679990403354,
                                    "count": 410,
                                    "self": 0.009196499013341963,
                                    "children": {
                                        "TorchPolicy.evaluate": {
                                            "total": 0.14542030089069158,
                                            "count": 209,
                                            "self": 0.14542030089069158
                                        }
                                    }
                                },
                                "workers": {
                                    "total": 0.0031144011300057173,
                                    "count": 409,
                                    "self": 0.0,
                                    "children": {
                                        "worker_root": {
                                            "total": 69.33017329999711,
                                            "count": 409,
                                            "is_parallel": true,
                                            "self": 1.2750791006255895,
                                            "children": {
                                                "steps_from_proto": {
                                                    "total": 0.00017040001694113016,
                                                    "count": 1,
                                                    "is_parallel": true,
                                                    "self": 5.949998740106821e-05,
                                                    "children": {
                                                        "_process_rank_one_or_two_observation": {
                                                            "total": 0.00011090002954006195,
                                                            "count": 2,
                                                            "is_parallel": true,
                                                            "self": 0.00011090002954006195
                                                        }
                                                    }
                                                },
                                                "UnityEnvironment.step": {
                                                    "total": 68.05492379935458,
                                                    "count": 409,
                                                    "is_parallel": true,
                                                    "self": 0.022064397926442325,
                                                    "children": {
                                                        "UnityEnvironment._generate_step_input": {
                                                            "total": 0.011159898829646409,
                                                            "count": 409,
                                                            "is_parallel": true,
                                                            "self": 0.011159898829646409
                                                        },
                                                        "communicator.exchange": {
                                                            "total": 67.97857910091989,
                                                            "count": 409,
                                                            "is_parallel": true,
                                                            "self": 67.97857910091989
                                                        },
                                                        "steps_from_proto": {
                                                            "total": 0.04312040167860687,
                                                            "count": 409,
                                                            "is_parallel": true,
                                                            "self": 0.018481401028111577,
                                                            "children": {
                                                                "_process_rank_one_or_two_observation": {
                                                                    "total": 0.02463900065049529,
                                                                    "count": 818,
                                                                    "is_parallel": true,
                                                                    "self": 0.02463900065049529
                                                                }
                                                            }
                                                        }
                                                    }
                                                }
                                            }
                                        }
                                    }
                                }
                            }
                        },
                        "trainer_advance": {
                            "total": 0.23176050023175776,
                            "count": 409,
                            "self": 0.0052320006070658565,
                            "children": {
                                "process_trajectory": {
                                    "total": 0.2265284996246919,
                                    "count": 409,
                                    "self": 0.2265284996246919
                                }
                            }
                        }
                    }
                },
                "trainer_threads": {
                    "total": 1.700012944638729e-06,
                    "count": 1,
                    "self": 1.700012944638729e-06
                },
                "TrainerController._save_models": {
                    "total": 0.05795419996138662,
                    "count": 1,
                    "self": 0.0167151999194175,