{"count":1,"self":1139.3772543999999,"total":8318.9868957999988,"children":{"InitializeActuators":{"count":16,"self":0.0015289,"total":0.0015289,"children":null},"InitializeSensors":{"count":16,"self":0.0009995,"total":0.0009995,"children":null},"AgentSendState":{"count":594501,"self":3.40476,"total":21.795465399999998,"children":{"CollectObservations":{"count":951216,"self":9.1167336,"total":9.1167333,"children":null},"WriteActionMask":{"count":951216,"self":0.34725269999999997,"total":0.34725269999999997,"children":null},"RequestDecision":{"count":951216,"self":0.9506726,"total":8.9267196,"children":{"AgentInfo.ToProto":{"count":951216,"self":1.4388592,"total":7.9760469999999994,"children":{"GenerateSensorData":{"count":951216,"self":6.5371879999999996,"total":6.5371878,"children":null}}}}}}},"DecideAction":{"count":594501,"self":7108.337664,"total":7108.3377101,"children":null},"AgentAct":{"count":594501,"self":49.2892928,"total":49.466899399999996,"children":{"AgentInfo.ToProto":{"count":9235,"self":0.0485889,"total":0.1776054,"children":{"GenerateSensorData":{"count":9235,"self":0.1290165,"total":0.1290165,"children":null}}}}},"AgentInfo.ToProto":{"count":408,"self":0.0005119,"total":0.0050618,"children":{"GenerateSensorData":{"count":408,"self":0.0045499,"total":0.0045499,"children":null}}}},"gauges":{"CRB15000.CumulativeReward":{"count":9643,"max":493.704742,"min":-1162.22388,"runningAverage":252.950516,"value":367.878235,"weightedAverage":331.124176}},"metadata":{"timer_format_version":"0.1.0","start_time_seconds":"1716317577","unity_version":"2023.2.19f1","command_line_arguments":"C:\\Users\\18125\\CRB15000-RL\\.\/MultitrainMod\/ABB-RL.exe -nographics -batchmode --mlagents-port 5011 -logFile C:\\Users\\18125\\CRB15000-RL\\results\\NoPenV2\\run_logs\\Player-6.log","communication_protocol_version":"1.5.0","com.unity.ml-agents_version":"2.0.1","scene_name":"CRB15000TrainLowMult","end_time_seconds":"1716325895"}}