{
    "name": "root",
    "gauges": {
        "CRB15000.Policy.Entropy.mean": {
            "value": -1.2622385025024414,
            "min": -1.2726935148239136,
            "max": -0.978803813457489,
            "count": 530
        },
        "CRB15000.Policy.Entropy.sum": {
            "value": -50853.0625,
            "min": -53390.75390625,
            "max": -35450.69140625,
            "count": 530
        },
        "CRB15000.Environment.EpisodeLength.mean": {
            "value": 97.98550724637681,
            "min": 85.10924369747899,
            "max": 99.0,
            "count": 530
        },
        "CRB15000.Environment.EpisodeLength.sum": {
            "value": 40566.0,
            "min": 34734.0,
            "max": 41290.0,
            "count": 530
        },
        "CRB15000.Step.mean": {
            "value": 33996783.0,
            "min": 12328898.0,
            "max": 33996783.0,
            "count": 530
        },
        "CRB15000.Step.sum": {
            "value": 33996783.0,
            "min": 12328898.0,
            "max": 33996783.0,
            "count": 530
        },
        "CRB15000.Policy.ExtrinsicValueEstimate.mean": {
            "value": 163.4034881591797,
            "min": -567.3519287109375,
            "max": 205.2870635986328,
            "count": 530
        },
        "CRB15000.Policy.ExtrinsicValueEstimate.sum": {
            "value": 67649.046875,
            "min": -236018.40625,
            "max": 72055.7578125,
            "count": 530
        },
        "CRB15000.Environment.CumulativeReward.mean": {
            "value": 61.28635832422597,
            "min": -1291.4644426334958,
            "max": 71.256450974069,
            "count": 530
        },
        "CRB15000.Environment.CumulativeReward.sum": {
            "value": 25372.552346229553,
            "min": -513066.89497995377,
            "max": 29215.144899368286,
            "count": 530
        },
        "CRB15000.Policy.ExtrinsicReward.mean": {
            "value": 61.28635832422597,
            "min": -1291.4644426334958,
            "max": 71.256450974069,
            "count": 530
        },
        "CRB15000.Policy.ExtrinsicReward.sum": {
            "value": 25372.552346229553,
            "min": -513066.89497995377,
            "max": 29215.144899368286,
            "count": 530
        },
        "CRB15000.IsTraining.mean": {
            "value": 1.0,
            "min": 1.0,
            "max": 1.0,
            "count": 530
        },
        "CRB15000.IsTraining.sum": {
            "value": 1.0,
            "min": 1.0,
            "max": 1.0,
            "count": 530
        },
        "CRB15000.Losses.PolicyLoss.mean": {
            "value": 0.010403778801264706,
            "min": 0.009379406102380018,
            "max": 0.015845612213888673,
            "count": 528
        },
        "CRB15000.Losses.PolicyLoss.sum": {
            "value": 0.010403778801264706,
            "min": 0.009379406102380018,
            "max": 0.015845612213888673,
            "count": 528
        },
        "CRB15000.Losses.ValueLoss.mean": {
            "value": 50.02506358623505,
            "min": 9.17900429368019,
            "max": 3808.9977630615235,
            "count": 528
        },
        "CRB15000.Losses.ValueLoss.sum": {
            "value": 50.02506358623505,
            "min": 9.17900429368019,
            "max": 3808.9977630615235,
            "count": 528
        },
        "CRB15000.Policy.LearningRate.mean": {
            "value": 0.000198112962962357,
            "min": 0.000198112962962357,
            "max": 0.00026299291833569794,
            "count": 528
        },
        "CRB15000.Policy.LearningRate.sum": {
            "value": 0.000198112962962357,
            "min": 0.000198112962962357,
            "max": 0.00026299291833569794,
            "count": 528
        },
        "CRB15000.Policy.Epsilon.mean": {
            "value": 0.16603764300000004,
            "min": 0.16603764300000004,
            "max": 0.18766430199999998,
            "count": 528
        },
        "CRB15000.Policy.Epsilon.sum": {
            "value": 0.16603764300000004,
            "min": 0.16603764300000004,
            "max": 0.18766430199999998,
            "count": 528
        },
        "CRB15000.Policy.Beta.mean": {
            "value": 0.0033052783857000006,
            "min": 0.0033052783857000006,
            "max": 0.004384448669799999,
            "count": 528
        },
        "CRB15000.Policy.Beta.sum": {
            "value": 0.0033052783857000006,
            "min": 0.0033052783857000006,
            "max": 0.004384448669799999,
            "count": 528
        }
    },
    "metadata": {
        "timer_format_version": "0.1.0",
        "start_time_seconds": "1715767057",
        "python_version": "3.10.12 | packaged by Anaconda, Inc. | (main, Jul  5 2023, 19:01:18) [MSC v.1916 64 bit (AMD64)]",
        "command_line_arguments": "C:\\Users\\18125\\anaconda3\\envs\\mlagents\\Scripts\\mlagents-learn ./config/ABB.yaml --run-id ModifiedLowPen --env=./Multitrain/ABB-RL --num-envs=9 --resume",
        "mlagents_version": "1.0.0",
        "mlagents_envs_version": "1.0.0",
        "communication_protocol_version": "1.5.0",
        "pytorch_version": "2.3.0+cpu",
        "numpy_version": "1.22.4",
        "end_time_seconds": "1715779924"
    },
    "total": 12866.62686650001,
    "count": 1,
    "self": 0.6497349999845028,
    "children": {
        "run_training.setup": {
            "total": 0.5056470000417903,
            "count": 1,
            "self": 0.5056470000417903
        },
        "TrainerController.start_learning": {
            "total": 12865.471484499983,
            "count": 1,
            "self": 20.77665045822505,
            "children": {
                "TrainerController._reset_env": {
                    "total": 8.10789390001446,
                    "count": 1,
                    "self": 8.10789390001446
                },
                "TrainerController.advance": {
                    "total": 12836.466965141706,
                    "count": 875391,
                    "self": 19.368277652421966,
                    "children": {
                        "env_step": {
                            "total": 3704.247001180076,
                            "count": 875391,
                            "self": 2087.902737457189,
                            "children": {
                                "SubprocessEnvManager._take_step": {
                                    "total": 1602.4623900548322,
                                    "count": 1538335,
                                    "self": 97.73433465033304,
                                    "children": {
                                        "TorchPolicy.evaluate": {
                                            "total": 1504.7280554044992,
                                            "count": 1357269,
                                            "self": 1504.7280554044992
                                        }
                                    }
                                },
                                "workers": {
                                    "total": 13.88187366805505,
                                    "count": 875391,
                                    "self": 0.0,
                                    "children": {
                                        "worker_root": {
                                            "total": 115675.97807583516,
                                            "count": 1538330,
                                            "is_parallel": true,
                                            "self": 82023.60937426588,
                                            "children": {
                                                "steps_from_proto": {
                                                    "total": 0.0028911002445966005,
                                                    "count": 9,