{
    "name": "root",
    "gauges": {
        "CRB15000.Policy.Entropy.mean": {
            "value": -3.9223930835723877,
            "min": -3.9223930835723877,
            "max": -3.7822680473327637,
            "count": 155
        },
        "CRB15000.Policy.Entropy.sum": {
            "value": -644402.125,
            "min": -649042.0,
            "max": -243093.9375,
            "count": 155
        },
        "CRB15000.Environment.EpisodeLength.mean": {
            "value": 98.23300970873787,
            "min": 97.47420965058237,
            "max": 98.51249238269348,
            "count": 155
        },
        "CRB15000.Environment.EpisodeLength.sum": {
            "value": 161888.0,
            "min": 58582.0,
            "max": 163268.0,
            "count": 155
        },
        "CRB15000.Step.mean": {
            "value": 199884748.0,
            "min": 174653366.0,
            "max": 199884748.0,
            "count": 155
        },
        "CRB15000.Step.sum": {
            "value": 199884748.0,
            "min": 174653366.0,
            "max": 199884748.0,
            "count": 155
        },
        "CRB15000.Policy.ExtrinsicValueEstimate.mean": {
            "value": -2.9092650413513184,
            "min": -56.53791809082031,
            "max": 4.245728015899658,
            "count": 155
        },
        "CRB15000.Policy.ExtrinsicValueEstimate.sum": {
            "value": -4803.19677734375,
            "min": -83523.5,
            "max": 7009.697265625,
            "count": 155
        },
        "CRB15000.Environment.CumulativeReward.mean": {
            "value": -56.112536666394725,
            "min": -77.03047732339206,
            "max": 0.9404582597490915,
            "count": 155
        },
        "CRB15000.Environment.CumulativeReward.sum": {
            "value": -92641.79803621769,
            "min": -127870.59235683084,
            "max": 558.6322062909603,
            "count": 155
        },
        "CRB15000.Policy.ExtrinsicReward.mean": {
            "value": -56.112536666394725,
            "min": -77.03047732339206,
            "max": 0.9404582597490915,
            "count": 155
        },
        "CRB15000.Policy.ExtrinsicReward.sum": {
            "value": -92641.79803621769,
            "min": -127870.59235683084,
            "max": 558.6322062909603,
            "count": 155
        },
        "CRB15000.IsTraining.mean": {
            "value": 1.0,
            "min": 1.0,
            "max": 1.0,
            "count": 155
        },
        "CRB15000.IsTraining.sum": {
            "value": 1.0,
            "min": 1.0,
            "max": 1.0,
            "count": 155
        },
        "CRB15000.Losses.PolicyLoss.mean": {
            "value": 0.009139649692315288,
            "min": 0.006891284340792936,
            "max": 0.009780557763679098,
            "count": 154
        },
        "CRB15000.Losses.PolicyLoss.sum": {
            "value": 0.018279299384630576,
            "min": 0.008527176883944776,
            "max": 0.019561115527358196,
            "count": 154
        },
        "CRB15000.Losses.ValueLoss.mean": {
            "value": 412.6852939605713,
            "min": 401.465664100647,
            "max": 812.114627456665,
            "count": 154
        },
        "CRB15000.Losses.ValueLoss.sum": {
            "value": 825.3705879211426,
            "min": 535.7343284606934,
            "max": 1624.22925491333,
            "count": 154
        },
        "CRB15000.Policy.LearningRate.mean": {
            "value": 2.988946504017477e-07,
            "min": 2.988946504017477e-07,
            "max": 3.792034385991449e-05,
            "count": 154
        },
        "CRB15000.Policy.LearningRate.sum": {
            "value": 5.977893008034954e-07,
            "min": 5.977893008034954e-07,
            "max": 7.584068771982898e-05,
            "count": 154
        },
        "CRB15000.Policy.Epsilon.mean": {
            "value": 0.10009959825000002,
            "min": 0.10009959825000002,
            "max": 0.11264008550000001,
            "count": 154
        },
        "CRB15000.Policy.Epsilon.sum": {
            "value": 0.20019919650000004,
            "min": 0.10730762099999999,
            "max": 0.22528017100000003,
            "count": 154
        },
        "CRB15000.Policy.Beta.mean": {
            "value": 1.4969952674999965e-05,
            "min": 1.4969952674999965e-05,
            "max": 0.00064074026645,
            "count": 154
        },
        "CRB15000.Policy.Beta.sum": {
            "value": 2.993990534999993e-05,
            "min": 2.993990534999993e-05,
            "max": 0.0012814805329,
            "count": 154
        }
    },
    "metadata": {
        "timer_format_version": "0.1.0",
        "start_time_seconds": "1716618484",
        "python_version": "3.10.12 | packaged by Anaconda, Inc. | (main, Jul  5 2023, 19:01:18) [MSC v.1916 64 bit (AMD64)]",
        "command_line_arguments": "C:\\Users\\18125\\anaconda3\\envs\\mlagents\\Scripts\\mlagents-learn ./config/ABB.yaml --run-id ModifiedLowPen --env=./Builds/GymMLP/ABB-RL --num-envs=8 --resume",
        "mlagents_version": "1.0.0",
        "mlagents_envs_version": "1.0.0",
        "communication_protocol_version": "1.5.0",
        "pytorch_version": "2.3.0+cpu",
        "numpy_version": "1.22.4",
        "end_time_seconds": "1716640555"
    },
    "total": 22070.157022299943,
    "count": 1,
    "self": 1.2625815999927,
    "children": {
        "run_training.setup": {
            "total": 0.3912842000136152,
            "count": 1,
            "self": 0.3912842000136152
        },
        "TrainerController.start_learning": {
            "total": 22068.503156499937,
            "count": 1,
            "self": 29.341546936077066,
            "children": {
                "TrainerController._reset_env": {
                    "total": 7.315130100003444,
                    "count": 1,
                    "self": 7.315130100003444
                },
                "TrainerController.advance": {
                    "total": 22031.79202846391,
                    "count": 1175829,
                    "self": 28.153818657039665,
                    "children": {
                        "env_step": {
                            "total": 5877.177236797172,
                            "count": 1175829,
                            "self": 3709.9017326912144,
                            "children": {
                                "SubprocessEnvManager._take_step": {
                                    "total": 2148.5353876880836,
                                    "count": 1692308,
                                    "self": 128.75797018723097,
                                    "children": {
                                        "TorchPolicy.evaluate": {
                                            "total": 2019.7774175008526,
                                            "count": 1588209,
                                            "self": 2019.7774175008526
                                        }
                                    }
                                },
                                "workers": {
                                    "total": 18.74011641787365,
                                    "count": 1175829,
                                    "self": 0.0,
                                    "children": {
                                        "worker_root": {
                                            "total": 176449.17372191395,
                                            "count": 1692301,
                                            "is_parallel": true,
                                            "self": 132757.46201355953,
                                            "children": {
                                                "steps_from_proto": {
                                                    "total": 0.0020312999840825796,
                                                    "count": 8,