{
    "name": "root",
    "gauges": {
        "CRB15000.Policy.Entropy.mean": {
            "value": -1.673396110534668,
            "min": -2.5510857105255127,
            "max": -1.673396110534668,
            "count": 36
        },
        "CRB15000.Policy.Entropy.sum": {
            "value": -274142.4375,
            "min": -410588.34375,
            "max": -274142.4375,
            "count": 36
        },
        "CRB15000.Environment.EpisodeLength.mean": {
            "value": 9.861707769822328,
            "min": 9.861707769822328,
            "max": 99.0,
            "count": 36
        },
        "CRB15000.Environment.EpisodeLength.sum": {
            "value": 148754.0,
            "min": 107630.0,
            "max": 161820.0,
            "count": 36
        },
        "CRB15000.Step.mean": {
            "value": 44564471.0,
            "min": 38830039.0,
            "max": 44564471.0,
            "count": 36
        },
        "CRB15000.Step.sum": {
            "value": 44564471.0,
            "min": 38830039.0,
            "max": 44564471.0,
            "count": 36
        },
        "CRB15000.Policy.ExtrinsicValueEstimate.mean": {
            "value": -1.048633337020874,
            "min": -1.20917546749115,
            "max": -0.20296810567378998,
            "count": 36
        },
        "CRB15000.Policy.ExtrinsicValueEstimate.sum": {
            "value": -15817.5859375,
            "min": -15817.5859375,
            "max": -245.59140014648438,
            "count": 36
        },
        "CRB15000.Environment.CumulativeReward.mean": {
            "value": -1.1108229175561684,
            "min": -1.34761452560454,
            "max": -0.2289301482004004,
            "count": 36
        },
        "CRB15000.Environment.CumulativeReward.sum": {
            "value": -16755.652888417244,
            "min": -16755.652888417244,
            "max": -277.00547932248446,
            "count": 36
        },
        "CRB15000.Policy.ExtrinsicReward.mean": {
            "value": -1.1108229175561684,
            "min": -1.34761452560454,
            "max": -0.2289301482004004,
            "count": 36
        },
        "CRB15000.Policy.ExtrinsicReward.sum": {
            "value": -16755.652888417244,
            "min": -16755.652888417244,
            "max": -277.00547932248446,
            "count": 36
        },
        "CRB15000.Losses.PolicyLoss.mean": {
            "value": 0.12823908994614613,
            "min": 0.011315342753005098,
            "max": 0.25055292460601775,
            "count": 36
        },
        "CRB15000.Losses.PolicyLoss.sum": {
            "value": 0.25647817989229227,
            "min": 0.022630685506010197,
            "max": 0.5011058492120355,
            "count": 36
        },
        "CRB15000.Losses.ValueLoss.mean": {
            "value": 0.00041480453965050403,
            "min": 0.00034846408816520126,
            "max": 0.01444897527107969,
            "count": 36
        },
        "CRB15000.Losses.ValueLoss.sum": {
            "value": 0.0008296090793010081,
            "min": 0.0004988305657207092,
            "max": 0.02889795054215938,
            "count": 36
        },
        "CRB15000.Policy.LearningRate.mean": {
            "value": 0.00027329708450097483,
            "min": 0.00027329708450097483,
            "max": 0.0002767169843610078,
            "count": 36
        },
        "CRB15000.Policy.LearningRate.sum": {
            "value": 0.0005465941690019497,
            "min": 0.0002767169843610078,
            "max": 0.0005532841487719555,
            "count": 36
        },
        "CRB15000.Policy.Epsilon.mean": {
            "value": 0.1910990252,
            "min": 0.1910990252,
            "max": 0.19223899220000004,
            "count": 36
        },
        "CRB15000.Policy.Epsilon.sum": {
            "value": 0.3821980504,
            "min": 0.19223899220000004,
            "max": 0.38442804440000006,
            "count": 36
        },
        "CRB15000.Policy.Beta.mean": {
            "value": 0.00455584135748,
            "min": 0.00455584135748,
            "max": 0.0046127257107800015,
            "count": 36
        },
        "CRB15000.Policy.Beta.sum": {
            "value": 0.00911168271496,
            "min": 0.0046127257107800015,
            "max": 0.009222959415559999,
            "count": 36
        },
        "CRB15000.IsTraining.mean": {
            "value": 1.0,
            "min": 1.0,
            "max": 1.0,
            "count": 36
        },
        "CRB15000.IsTraining.sum": {
            "value": 1.0,
            "min": 1.0,
            "max": 1.0,
            "count": 36
        }
    },
    "metadata": {
        "timer_format_version": "0.1.0",
        "start_time_seconds": "1717702101",
        "python_version": "3.10.12 | packaged by Anaconda, Inc. | (main, Jul  5 2023, 19:01:18) [MSC v.1916 64 bit (AMD64)]",
        "command_line_arguments": "C:\\Users\\18125\\anaconda3\\envs\\mlagents\\Scripts\\mlagents-learn ./config/ABB.yaml --run-id MLPCCEn3 --env=./Builds/Energy/ABB-RL --num-envs=8 --resume",
        "mlagents_version": "1.0.0",
        "mlagents_envs_version": "1.0.0",
        "communication_protocol_version": "1.5.0",
        "pytorch_version": "2.3.0+cpu",
        "numpy_version": "1.22.4",
        "end_time_seconds": "1717706511"
    },
    "total": 4410.190406700014,
    "count": 1,
    "self": 0.9528446999611333,
    "children": {
        "run_training.setup": {
            "total": 0.3950586999999359,
            "count": 1,
            "self": 0.3950586999999359
        },
        "TrainerController.start_learning": {
            "total": 4408.842503300053,
            "count": 1,
            "self": 9.633040998189244,
            "children": {
                "TrainerController._reset_env": {
                    "total": 8.06837190000806,
                    "count": 1,
                    "self": 8.06837190000806
                },
                "TrainerController.advance": {
                    "total": 4391.0736773018725,
                    "count": 377336,
                    "self": 9.001929417194333,
                    "children": {
                        "env_step": {
                            "total": 1481.7444793887553,
                            "count": 377336,
                            "self": 975.0637866988545,
                            "children": {
                                "SubprocessEnvManager._take_step": {
                                    "total": 500.7421919046901,
                                    "count": 520316,
                                    "self": 32.79405791516183,
                                    "children": {
                                        "TorchPolicy.evaluate": {
                                            "total": 467.9481339895283,
                                            "count": 369178,
                                            "self": 467.9481339895283
                                        }
                                    }
                                },
                                "workers": {
                                    "total": 5.9385007852106355,
                                    "count": 377336,
                                    "self": 0.0,
                                    "children": {
                                        "worker_root": {
                                            "total": 35108.76278300886,
                                            "count": 520309,
                                            "is_parallel": true,
                                            "self": 21887.693633206713,
                                            "children": {
                                                "steps_from_proto": {
                                                    "total": 0.0022554000024683774,
                                                    "count": 8,