{
    "name": "root",
    "gauges": {
        "CRB15000.Policy.Entropy.mean": {
            "value": -0.6766870021820068,
            "min": -0.8210226893424988,
            "max": 0.9364148378372192,
            "count": 327
        },
        "CRB15000.Policy.Entropy.sum": {
            "value": -111388.09375,
            "min": -134602.390625,
            "max": 150205.390625,
            "count": 327
        },
        "CRB15000.Environment.EpisodeLength.mean": {
            "value": 98.89512195121951,
            "min": 98.76262933657942,
            "max": 99.0,
            "count": 327
        },
        "CRB15000.Environment.EpisodeLength.sum": {
            "value": 162188.0,
            "min": 79264.0,
            "max": 163548.0,
            "count": 327
        },
        "CRB15000.Step.mean": {
            "value": 56852394.0,
            "min": 3440605.0,
            "max": 56852394.0,
            "count": 327
        },
        "CRB15000.Step.sum": {
            "value": 56852394.0,
            "min": 3440605.0,
            "max": 56852394.0,
            "count": 327
        },
        "CRB15000.Policy.ExtrinsicValueEstimate.mean": {
            "value": 1833.246826171875,
            "min": 203.30035400390625,
            "max": 1839.935302734375,
            "count": 327
        },
        "CRB15000.Policy.ExtrinsicValueEstimate.sum": {
            "value": 3006524.75,
            "min": 161827.078125,
            "max": 3016015.0,
            "count": 327
        },
        "CRB15000.Environment.CumulativeReward.mean": {
            "value": 784.295641438554,
            "min": 289.5972630803178,
            "max": 789.8674965859042,
            "count": 327
        },
        "CRB15000.Environment.CumulativeReward.sum": {
            "value": 1286244.8519592285,
            "min": 235332.8172302246,
            "max": 1294592.8269042969,
            "count": 327
        },
        "CRB15000.Policy.ExtrinsicReward.mean": {
            "value": 784.295641438554,
            "min": 289.5972630803178,
            "max": 789.8674965859042,
            "count": 327
        },
        "CRB15000.Policy.ExtrinsicReward.sum": {
            "value": 1286244.8519592285,
            "min": 235332.8172302246,
            "max": 1294592.8269042969,
            "count": 327
        },
        "CRB15000.IsTraining.mean": {
            "value": 1.0,
            "min": 1.0,
            "max": 1.0,
            "count": 327
        },
        "CRB15000.IsTraining.sum": {
            "value": 1.0,
            "min": 1.0,
            "max": 1.0,
            "count": 327
        },
        "CRB15000.Losses.PolicyLoss.mean": {
            "value": 0.008247950086484934,
            "min": 0.007076187483005469,
            "max": 0.010079196732544916,
            "count": 326
        },
        "CRB15000.Losses.PolicyLoss.sum": {
            "value": 0.01649590017296987,
            "min": 0.008892223003749677,
            "max": 0.02015839346508983,
            "count": 326
        },
        "CRB15000.Losses.ValueLoss.mean": {
            "value": 267.2227288007736,
            "min": 17.285972797870635,
            "max": 992.3031338691711,
            "count": 326
        },
        "CRB15000.Losses.ValueLoss.sum": {
            "value": 534.4454576015472,
            "min": 34.57194559574127,
            "max": 1984.6062677383422,
            "count": 326
        },
        "CRB15000.Policy.LearningRate.mean": {
            "value": 0.00021482393539203103,
            "min": 0.00021482393539203103,
            "max": 0.000294771367742878,
            "count": 326
        },
        "CRB15000.Policy.LearningRate.sum": {
            "value": 0.00042964787078406206,
            "min": 0.00025662400445867,
            "max": 0.000589542735485756,
            "count": 326
        },
        "CRB15000.Policy.Epsilon.mean": {
            "value": 0.17160796900000003,
            "min": 0.17160796900000003,
            "max": 0.19825712200000006,
            "count": 326
        },
        "CRB15000.Policy.Epsilon.sum": {
            "value": 0.34321593800000005,
            "min": 0.18554132999999998,
            "max": 0.3965142440000001,
            "count": 326
        },
        "CRB15000.Policy.Beta.mean": {
            "value": 0.0035832376531000007,
            "min": 0.0035832376531000007,
            "max": 0.004913030387800001,
            "count": 326
        },
        "CRB15000.Policy.Beta.sum": {
            "value": 0.007166475306200001,
            "min": 0.004278512366999999,
            "max": 0.009826060775600002,
            "count": 326
        }
    },
    "metadata": {
        "timer_format_version": "0.1.0",
        "start_time_seconds": "1716095921",
        "python_version": "3.10.12 | packaged by Anaconda, Inc. | (main, Jul  5 2023, 19:01:18) [MSC v.1916 64 bit (AMD64)]",
        "command_line_arguments": "C:\\Users\\18125\\anaconda3\\envs\\mlagents\\Scripts\\mlagents-learn ./config/ABB.yaml --run-id NoPen --env=./Multitrain/ABB-RL --num-envs=8 --resume",
        "mlagents_version": "1.0.0",
        "mlagents_envs_version": "1.0.0",
        "communication_protocol_version": "1.5.0",
        "pytorch_version": "2.3.0+cpu",
        "numpy_version": "1.22.4",
        "end_time_seconds": "1716136032"
    },
    "total": 40113.737146699976,
    "count": 1,
    "self": 0.9782407000020612,
    "children": {
        "run_training.setup": {
            "total": 0.38600509997922927,
            "count": 1,
            "self": 0.38600509997922927
        },
        "TrainerController.start_learning": {
            "total": 40112.372900899994,
            "count": 1,
            "self": 56.42619160452159,
            "children": {
                "TrainerController._reset_env": {
                    "total": 7.740829599992139,
                    "count": 1,
                    "self": 7.740829599992139
                },
                "TrainerController.advance": {
                    "total": 40048.09802839544,
                    "count": 2622781,
                    "self": 54.75480482421699,
                    "children": {
                        "env_step": {
                            "total": 12471.89719359894,
                            "count": 2622781,
                            "self": 8297.468753220455,
                            "children": {
                                "SubprocessEnvManager._take_step": {
                                    "total": 4136.959338084824,
                                    "count": 3569656,
                                    "self": 240.12167782371398,
                                    "children": {
                                        "TorchPolicy.evaluate": {
                                            "total": 3896.8376602611097,
                                            "count": 3348823,
                                            "self": 3896.8376602611097
                                        }
                                    }
                                },
                                "workers": {
                                    "total": 37.4691022936604,
                                    "count": 2622781,
                                    "self": 0.0,
                                    "children": {
                                        "worker_root": {
                                            "total": 320751.67668245913,
                                            "count": 3569649,
                                            "is_parallel": true,
                                            "self": 223711.5779710147,
                                            "children": {
                                                "steps_from_proto": {
                                                    "total": 0.003017000010004267,
                                                    "count": 8,