{
    "name": "root",
    "gauges": {
        "CRB15000.Policy.Entropy.mean": {
            "value": -1.4447020292282104,
            "min": -1.4455204010009766,
            "max": -1.1361366510391235,
            "count": 129
        },
        "CRB15000.Policy.Entropy.sum": {
            "value": -233117.125,
            "min": -238152.375,
            "max": -184007.953125,
            "count": 129
        },
        "CRB15000.Environment.EpisodeLength.mean": {
            "value": 99.0,
            "min": 98.89828431372548,
            "max": 99.0,
            "count": 129
        },
        "CRB15000.Environment.EpisodeLength.sum": {
            "value": 161568.0,
            "min": 161172.0,
            "max": 163449.0,
            "count": 129
        },
        "CRB15000.Step.mean": {
            "value": 21135333.0,
            "min": 163800.0,
            "max": 21135333.0,
            "count": 129
        },
        "CRB15000.Step.sum": {
            "value": 21135333.0,
            "min": 163800.0,
            "max": 21135333.0,
            "count": 129
        },
        "CRB15000.Policy.ExtrinsicValueEstimate.mean": {
            "value": -0.09170882403850555,
            "min": -0.126878559589386,
            "max": -0.09105731546878815,
            "count": 129
        },
        "CRB15000.Policy.ExtrinsicValueEstimate.sum": {
            "value": -150.31076049804688,
            "min": -207.82708740234375,
            "max": -149.15188598632812,
            "count": 129
        },
        "CRB15000.Environment.CumulativeReward.mean": {
            "value": -0.05836510338097165,
            "min": -0.0739319682550026,
            "max": -0.0556784281639683,
            "count": 129
        },
        "CRB15000.Environment.CumulativeReward.sum": {
            "value": -95.66040444141254,
            "min": -121.24842793820426,
            "max": -91.20126533258008,
            "count": 129
        },
        "CRB15000.Policy.ExtrinsicReward.mean": {
            "value": -0.05836510338097165,
            "min": -0.0739319682550026,
            "max": -0.0556784281639683,
            "count": 129
        },
        "CRB15000.Policy.ExtrinsicReward.sum": {
            "value": -95.66040444141254,
            "min": -121.24842793820426,
            "max": -91.20126533258008,
            "count": 129
        },
        "CRB15000.Losses.PolicyLoss.mean": {
            "value": 0.008580486858318182,
            "min": 0.007227902602335234,
            "max": 0.010250373935741663,
            "count": 129
        },
        "CRB15000.Losses.PolicyLoss.sum": {
            "value": 0.017160973716636364,
            "min": 0.007623934697767254,
            "max": 0.020500747871483326,
            "count": 129
        },
        "CRB15000.Losses.ValueLoss.mean": {
            "value": 8.31714954756535e-06,
            "min": 7.77817535322356e-06,
            "max": 5.932160231623129e-05,
            "count": 129
        },
        "CRB15000.Losses.ValueLoss.sum": {
            "value": 1.66342990951307e-05,
            "min": 8.078263164179589e-06,
            "max": 8.441132571306298e-05,
            "count": 129
        },
        "CRB15000.Policy.LearningRate.mean": {
            "value": 0.0002873558844147066,
            "min": 0.0002873558844147066,
            "max": 0.0002999500800166399,
            "count": 129
        },
        "CRB15000.Policy.LearningRate.sum": {
            "value": 0.0005747117688294132,
            "min": 0.0002901205634931466,
            "max": 0.0005997504000832,
            "count": 129
        },
        "CRB15000.Policy.Epsilon.mean": {
            "value": 0.1957852934,
            "min": 0.1957852934,
            "max": 0.19998336000000003,
            "count": 129
        },
        "CRB15000.Policy.Epsilon.sum": {
            "value": 0.3915705868,
            "min": 0.19670685340000002,
            "max": 0.39991679999999996,
            "count": 129
        },
        "CRB15000.Policy.Beta.mean": {
            "value": 0.00478968614066,
            "min": 0.00478968614066,
            "max": 0.0049991696639999994,
            "count": 129
        },
        "CRB15000.Policy.Beta.sum": {
            "value": 0.00957937228132,
            "min": 0.00483567198466,
            "max": 0.00999584832,
            "count": 129
        },
        "CRB15000.IsTraining.mean": {
            "value": 1.0,
            "min": 1.0,
            "max": 1.0,
            "count": 129
        },
        "CRB15000.IsTraining.sum": {
            "value": 1.0,
            "min": 1.0,
            "max": 1.0,
            "count": 129
        }
    },
    "metadata": {
        "timer_format_version": "0.1.0",
        "start_time_seconds": "1716963089",
        "python_version": "3.10.12 | packaged by Anaconda, Inc. | (main, Jul  5 2023, 19:01:18) [MSC v.1916 64 bit (AMD64)]",
        "command_line_arguments": "C:\\Users\\18125\\anaconda3\\envs\\mlagents\\Scripts\\mlagents-learn ./config/ABB.yaml --run-id MLPNormalizedNIv1 --env=./Builds/GymMLPNormv1/ABB-RL --num-envs=8 --initialize-from MLPNormalizedNI",
        "mlagents_version": "1.0.0",
        "mlagents_envs_version": "1.0.0",
        "communication_protocol_version": "1.5.0",
        "pytorch_version": "2.3.0+cpu",
        "numpy_version": "1.22.4",
        "end_time_seconds": "1716978153"
    },
    "total": 15063.99543619994,
    "count": 1,
    "self": 1.0773841999471188,
    "children": {
        "run_training.setup": {
            "total": 0.4009813000448048,
            "count": 1,
            "self": 0.4009813000448048
        },
        "TrainerController.start_learning": {
            "total": 15062.517070699949,
            "count": 1,
            "self": 27.790655159158632,
            "children": {
                "TrainerController._reset_env": {
                    "total": 7.608477200148627,
                    "count": 1,
                    "self": 7.608477200148627
                },
                "TrainerController.advance": {
                    "total": 15027.02741964045,
                    "count": 1030143,
                    "self": 28.788330296287313,
                    "children": {
                        "env_step": {
                            "total": 5077.948855104623,
                            "count": 1030143,
                            "self": 2966.0292724054307,
                            "children": {
                                "SubprocessEnvManager._take_step": {
                                    "total": 2094.3587546674535,
                                    "count": 1336704,
                                    "self": 136.97108871350065,
                                    "children": {
                                        "TorchPolicy.evaluate": {
                                            "total": 1957.3876659539528,
                                            "count": 1330548,
                                            "self": 1957.3876659539528
                                        }
                                    }
                                },
                                "workers": {
                                    "total": 17.56082803173922,
                                    "count": 1030143,
                                    "self": 0.0,
                                    "children": {
                                        "worker_root": {
                                            "total": 120385.07111783442,
                                            "count": 1336697,
                                            "is_parallel": true,
                                            "self": 85740.44714219682,
                                            "children": {
                                                "steps_from_proto": {
                                                    "total": 0.0022596002090722322,
                                                    "count": 8,