{
    "name": "root",
    "gauges": {
        "CRB15000.Policy.Entropy.mean": {
            "value": -1.2665729522705078,
            "min": -1.2665729522705078,
            "max": -1.1973997354507446,
            "count": 61
        },
        "CRB15000.Policy.Entropy.sum": {
            "value": -51501.390625,
            "min": -51935.3203125,
            "max": -47117.6796875,
            "count": 61
        },
        "CRB15000.Environment.EpisodeLength.mean": {
            "value": 64.85852090032154,
            "min": 61.60763358778626,
            "max": 73.27898550724638,
            "count": 61
        },
        "CRB15000.Environment.EpisodeLength.sum": {
            "value": 40342.0,
            "min": 38479.0,
            "max": 40458.0,
            "count": 61
        },
        "CRB15000.Step.mean": {
            "value": 4751307.0,
            "min": 2293755.0,
            "max": 4751307.0,
            "count": 61
        },
        "CRB15000.Step.sum": {
            "value": 4751307.0,
            "min": 2293755.0,
            "max": 4751307.0,
            "count": 61
        },
        "CRB15000.Policy.ExtrinsicValueEstimate.mean": {
            "value": -0.06154197081923485,
            "min": -0.16250218451023102,
            "max": -0.06154197081923485,
            "count": 61
        },
        "CRB15000.Policy.ExtrinsicValueEstimate.sum": {
            "value": -38.27910614013672,
            "min": -90.51371765136719,
            "max": -38.27910614013672,
            "count": 61
        },
        "CRB15000.Environment.CumulativeReward.mean": {
            "value": 0.11810499492589492,
            "min": -0.026910507288488116,
            "max": 0.1371160276191494,
            "count": 61
        },
        "CRB15000.Environment.CumulativeReward.sum": {
            "value": 73.46130684390664,
            "min": -14.854600023245439,
            "max": 89.81099809054285,
            "count": 61
        },
        "CRB15000.Policy.ExtrinsicReward.mean": {
            "value": 0.11810499492589492,
            "min": -0.026910507288488116,
            "max": 0.1371160276191494,
            "count": 61
        },
        "CRB15000.Policy.ExtrinsicReward.sum": {
            "value": 73.46130684390664,
            "min": -14.854600023245439,
            "max": 89.81099809054285,
            "count": 61
        },
        "CRB15000.IsTraining.mean": {
            "value": 1.0,
            "min": 1.0,
            "max": 1.0,
            "count": 61
        },
        "CRB15000.IsTraining.sum": {
            "value": 1.0,
            "min": 1.0,
            "max": 1.0,
            "count": 61
        },
        "CRB15000.Losses.PolicyLoss.mean": {
            "value": 0.009562193743022362,
            "min": 0.009120609940146096,
            "max": 0.013948341728246305,
            "count": 60
        },
        "CRB15000.Losses.PolicyLoss.sum": {
            "value": 0.009562193743022362,
            "min": 0.009120609940146096,
            "max": 0.013948341728246305,
            "count": 60
        },
        "CRB15000.Losses.ValueLoss.mean": {
            "value": 0.02536619929596782,
            "min": 0.023403520858846606,
            "max": 0.03510509692132473,
            "count": 60
        },
        "CRB15000.Losses.ValueLoss.sum": {
            "value": 0.02536619929596782,
            "min": 0.023403520858846606,
            "max": 0.03510509692132473,
            "count": 60
        },
        "CRB15000.Policy.LearningRate.mean": {
            "value": 1.7101294299600018e-05,
            "min": 1.7101294299600018e-05,
            "max": 0.00016225588591472004,
            "count": 60
        },
        "CRB15000.Policy.LearningRate.sum": {
            "value": 1.7101294299600018e-05,
            "min": 1.7101294299600018e-05,
            "max": 0.00016225588591472004,
            "count": 60
        },
        "CRB15000.Policy.Epsilon.mean": {
            "value": 0.1057004,
            "min": 0.1057004,
            "max": 0.15408528000000005,
            "count": 60
        },
        "CRB15000.Policy.Epsilon.sum": {
            "value": 0.1057004,
            "min": 0.1057004,
            "max": 0.15408528000000005,
            "count": 60
        },
        "CRB15000.Policy.Beta.mean": {
            "value": 0.0002944499600000004,
            "min": 0.0002944499600000004,
            "max": 0.0027088554720000007,
            "count": 60
        },
        "CRB15000.Policy.Beta.sum": {
            "value": 0.0002944499600000004,
            "min": 0.0002944499600000004,
            "max": 0.0027088554720000007,
            "count": 60
        }
    },
    "metadata": {
        "timer_format_version": "0.1.0",
        "start_time_seconds": "1719201923",
        "python_version": "3.10.12 | packaged by Anaconda, Inc. | (main, Jul  5 2023, 19:01:18) [MSC v.1916 64 bit (AMD64)]",
        "command_line_arguments": "C:\\Users\\18125\\anaconda3\\envs\\mlagents\\Scripts\\mlagents-learn ./config/HighBatch.yaml --run-id rq6 --env=./Builds/rq6/ABB-RL --num-envs=8 --resume",
        "mlagents_version": "1.0.0",
        "mlagents_envs_version": "1.0.0",
        "communication_protocol_version": "1.5.0",
        "pytorch_version": "2.3.0+cpu",
        "numpy_version": "1.22.4",
        "end_time_seconds": "1719230591"
    },
    "total": 28669.56332670001,
    "count": 1,
    "self": 4.983976399991661,
    "children": {
        "run_training.setup": {
            "total": 0.46660240000346676,
            "count": 1,
            "self": 0.46660240000346676
        },
        "TrainerController.start_learning": {
            "total": 28664.112747900013,
            "count": 1,
            "self": 28.522250060283113,
            "children": {
                "TrainerController._reset_env": {
                    "total": 8.49382799997693,
                    "count": 1,
                    "self": 8.49382799997693
                },
                "TrainerController.advance": {
                    "total": 28627.065191839705,
                    "count": 2517918,
                    "self": 25.206161211128347,
                    "children": {
                        "env_step": {
                            "total": 27563.52588222921,
                            "count": 2517918,
                            "self": 26033.44479389774,
                            "children": {
                                "SubprocessEnvManager._take_step": {
                                    "total": 1510.5012919341098,
                                    "count": 2546209,
                                    "self": 84.06390076206299,
                                    "children": {
                                        "TorchPolicy.evaluate": {
                                            "total": 1426.4373911720468,
                                            "count": 2508962,
                                            "self": 1426.4373911720468
                                        }
                                    }
                                },
                                "workers": {
                                    "total": 19.57979639736004,
                                    "count": 2517917,
                                    "self": 0.0,
                                    "children": {
                                        "worker_root": {
                                            "total": 229204.30301597266,
                                            "count": 2546201,
                                            "is_parallel": true,
                                            "self": 10237.498089520319,
                                            "children": {
                                                "steps_from_proto": {
                                                    "total": 0.0031083999783731997,
                                                    "count": 8,