{
    "name": "root",
    "gauges": {
        "CRB15000.Policy.Entropy.mean": {
            "value": -0.2732072174549103,
            "min": -0.2732072174549103,
            "max": -0.05867952108383179,
            "count": 78
        },
        "CRB15000.Policy.Entropy.sum": {
            "value": -11181.8251953125,
            "min": -11181.8251953125,
            "max": -1643.5546875,
            "count": 78
        },
        "CRB15000.Environment.EpisodeLength.mean": {
            "value": 11.926498422712934,
            "min": 11.504732824427482,
            "max": 16.58866466294547,
            "count": 78
        },
        "CRB15000.Environment.EpisodeLength.sum": {
            "value": 37807.0,
            "min": 26239.0,
            "max": 38635.0,
            "count": 78
        },
        "CRB15000.Step.mean": {
            "value": 8519679.0,
            "min": 5365715.0,
            "max": 8519679.0,
            "count": 78
        },
        "CRB15000.Step.sum": {
            "value": 8519679.0,
            "min": 5365715.0,
            "max": 8519679.0,
            "count": 78
        },
        "CRB15000.Policy.ExtrinsicValueEstimate.mean": {
            "value": 0.6558713912963867,
            "min": 0.5443670153617859,
            "max": 0.6567628979682922,
            "count": 78
        },
        "CRB15000.Policy.ExtrinsicValueEstimate.sum": {
            "value": 2079.1123046875,
            "min": 900.9273681640625,
            "max": 2142.22021484375,
            "count": 78
        },
        "CRB15000.Environment.CumulativeReward.mean": {
            "value": 0.6223517478330572,
            "min": 0.5115986729437424,
            "max": 0.6223517478330572,
            "count": 78
        },
        "CRB15000.Environment.CumulativeReward.sum": {
            "value": 1972.8550406307913,
            "min": 892.8670498188585,
            "max": 2025.4732087720186,
            "count": 78
        },
        "CRB15000.Policy.ExtrinsicReward.mean": {
            "value": 0.6223517478330572,
            "min": 0.5115986729437424,
            "max": 0.6223517478330572,
            "count": 78
        },
        "CRB15000.Policy.ExtrinsicReward.sum": {
            "value": 1972.8550406307913,
            "min": 892.8670498188585,
            "max": 2025.4732087720186,
            "count": 78
        },
        "CRB15000.IsTraining.mean": {
            "value": 1.0,
            "min": 1.0,
            "max": 1.0,
            "count": 78
        },
        "CRB15000.IsTraining.sum": {
            "value": 1.0,
            "min": 1.0,
            "max": 1.0,
            "count": 78
        },
        "CRB15000.Losses.PolicyLoss.mean": {
            "value": 0.01092866717835932,
            "min": 0.009447033673342275,
            "max": 0.015640343822451542,
            "count": 77
        },
        "CRB15000.Losses.PolicyLoss.sum": {
            "value": 0.01092866717835932,
            "min": 0.009447033673342275,
            "max": 0.015640343822451542,
            "count": 77
        },
        "CRB15000.Losses.ValueLoss.mean": {
            "value": 0.018660660739988087,
            "min": 0.01552794132148847,
            "max": 0.04570529302582145,
            "count": 77
        },
        "CRB15000.Losses.ValueLoss.sum": {
            "value": 0.018660660739988087,
            "min": 0.01552794132148847,
            "max": 0.04570529302582145,
            "count": 77
        },
        "CRB15000.Policy.LearningRate.mean": {
            "value": 4.521965492681002e-05,
            "min": 4.521965492681002e-05,
            "max": 0.00013863509378832,
            "count": 77
        },
        "CRB15000.Policy.LearningRate.sum": {
            "value": 4.521965492681002e-05,
            "min": 4.521965492681002e-05,
            "max": 0.00013863509378832,
            "count": 77
        },
        "CRB15000.Policy.Epsilon.mean": {
            "value": 0.11507319,
            "min": 0.11507319,
            "max": 0.14621167999999998,
            "count": 77
        },
        "CRB15000.Policy.Epsilon.sum": {
            "value": 0.11507319,
            "min": 0.11507319,
            "max": 0.14621167999999998,
            "count": 77
        },
        "CRB15000.Policy.Beta.mean": {
            "value": 0.0007621521810000001,
            "min": 0.0007621521810000001,
            "max": 0.0023159628320000005,
            "count": 77
        },
        "CRB15000.Policy.Beta.sum": {
            "value": 0.0007621521810000001,
            "min": 0.0007621521810000001,
            "max": 0.0023159628320000005,
            "count": 77
        }
    },
    "metadata": {
        "timer_format_version": "0.1.0",
        "start_time_seconds": "1720164766",
        "python_version": "3.10.12 | packaged by Anaconda, Inc. | (main, Jul  5 2023, 19:01:18) [MSC v.1916 64 bit (AMD64)]",
        "command_line_arguments": "C:\\Users\\18125\\anaconda3\\envs\\mlagents\\Scripts\\mlagents-learn ./config/HighBatch.yaml --run-id new1 --env=./Builds/new1/ABB-RL --num-envs=8 --resume",
        "mlagents_version": "1.0.0",
        "mlagents_envs_version": "1.0.0",
        "communication_protocol_version": "1.5.0",
        "pytorch_version": "2.3.0+cpu",
        "numpy_version": "1.22.4",
        "end_time_seconds": "1720203567"
    },
    "total": 38801.29389590002,
    "count": 1,
    "self": 4.773575700004585,
    "children": {
        "run_training.setup": {
            "total": 0.3960834000026807,
            "count": 1,
            "self": 0.3960834000026807
        },
        "TrainerController.start_learning": {
            "total": 38796.12423680001,
            "count": 1,
            "self": 38.80767070746515,
            "children": {
                "TrainerController._reset_env": {
                    "total": 7.34848869999405,
                    "count": 1,
                    "self": 7.34848869999405
                },
                "TrainerController.advance": {
                    "total": 38749.924033992516,
                    "count": 3389088,
                    "self": 35.87504019046901,
                    "children": {
                        "env_step": {
                            "total": 37280.85571479943,
                            "count": 3389088,
                            "self": 35287.08614631486,
                            "children": {
                                "SubprocessEnvManager._take_step": {
                                    "total": 1967.531487260596,
                                    "count": 3428753,
                                    "self": 108.09514754713746,
                                    "children": {
                                        "TorchPolicy.evaluate": {
                                            "total": 1859.4363397134584,
                                            "count": 3203746,
                                            "self": 1859.4363397134584
                                        }
                                    }
                                },
                                "workers": {
                                    "total": 26.238081223971676,
                                    "count": 3389087,
                                    "self": 0.0,
                                    "children": {
                                        "worker_root": {
                                            "total": 310251.96116144507,
                                            "count": 3428745,
                                            "is_parallel": true,
                                            "self": 12751.271397906938,
                                            "children": {
                                                "steps_from_proto": {
                                                    "total": 0.0014746999950148165,
                                                    "count": 8,