{
    "name": "root",
    "gauges": {
        "CRB15000.Policy.Entropy.mean": {
            "value": -1.8170665502548218,
            "min": -1.8170665502548218,
            "max": -1.7724332809448242,
            "count": 30
        },
        "CRB15000.Policy.Entropy.sum": {
            "value": -294190.34375,
            "min": -299602.5625,
            "max": -202283.65625,
            "count": 30
        },
        "CRB15000.Environment.EpisodeLength.mean": {
            "value": 98.79130966952265,
            "min": 98.09788519637462,
            "max": 99.0,
            "count": 30
        },
        "CRB15000.Environment.EpisodeLength.sum": {
            "value": 161425.0,
            "min": 104578.0,
            "max": 163283.0,
            "count": 30
        },
        "CRB15000.Step.mean": {
            "value": 60620768.0,
            "min": 55869383.0,
            "max": 60620768.0,
            "count": 30
        },
        "CRB15000.Step.sum": {
            "value": 60620768.0,
            "min": 55869383.0,
            "max": 60620768.0,
            "count": 30
        },
        "CRB15000.Policy.ExtrinsicValueEstimate.mean": {
            "value": 155.80126953125,
            "min": 155.1074676513672,
            "max": 174.27957153320312,
            "count": 30
        },
        "CRB15000.Policy.ExtrinsicValueEstimate.sum": {
            "value": 255825.6875,
            "min": 182296.4375,
            "max": 285356.6875,
            "count": 30
        },
        "CRB15000.Environment.CumulativeReward.mean": {
            "value": 63.98481020589113,
            "min": 58.89106990288867,
            "max": 63.98481020589113,
            "count": 30
        },
        "CRB15000.Environment.CumulativeReward.sum": {
            "value": 105063.05835807323,
            "min": 65418.54403299093,
            "max": 105063.05835807323,
            "count": 30
        },
        "CRB15000.Policy.ExtrinsicReward.mean": {
            "value": 63.98481020589113,
            "min": 58.89106990288867,
            "max": 63.98481020589113,
            "count": 30
        },
        "CRB15000.Policy.ExtrinsicReward.sum": {
            "value": 105063.05835807323,
            "min": 65418.54403299093,
            "max": 105063.05835807323,
            "count": 30
        },
        "CRB15000.Losses.PolicyLoss.mean": {
            "value": 0.00838948558064203,
            "min": 0.00759717450118842,
            "max": 0.009374196232420218,
            "count": 30
        },
        "CRB15000.Losses.PolicyLoss.sum": {
            "value": 0.01677897116128406,
            "min": 0.007977350074270362,
            "max": 0.018748392464840436,
            "count": 30
        },
        "CRB15000.Losses.ValueLoss.mean": {
            "value": 7.272518493235111,
            "min": 6.464100230485201,
            "max": 21.733734714984895,
            "count": 30
        },
        "CRB15000.Losses.ValueLoss.sum": {
            "value": 14.545036986470222,
            "min": 8.180198699235916,
            "max": 43.46746942996979,
            "count": 30
        },
        "CRB15000.Policy.LearningRate.mean": {
            "value": 0.0001184764970078545,
            "min": 0.0001184764970078545,
            "max": 0.00013245556084816502,
            "count": 30
        },
        "CRB15000.Policy.LearningRate.sum": {
            "value": 0.000236952994015709,
            "min": 0.00012428193157270904,
            "max": 0.000264162663945816,
            "count": 30
        },
        "CRB15000.Policy.Epsilon.mean": {
            "value": 0.1394921455,
            "min": 0.1394921455,
            "max": 0.14415183499999998,
            "count": 30
        },
        "CRB15000.Policy.Epsilon.sum": {
            "value": 0.278984291,
            "min": 0.14142729100000004,
            "max": 0.28805418400000005,
            "count": 30
        },
        "CRB15000.Policy.Beta.mean": {
            "value": 0.0019806580604500006,
            "min": 0.0019806580604500006,
            "max": 0.0022131765665,
            "count": 30
        },
        "CRB15000.Policy.Beta.sum": {
            "value": 0.003961316120900001,
            "min": 0.0020772218209000005,
            "max": 0.0044139037816,
            "count": 30
        },
        "CRB15000.IsTraining.mean": {
            "value": 1.0,
            "min": 1.0,
            "max": 1.0,
            "count": 30
        },
        "CRB15000.IsTraining.sum": {
            "value": 1.0,
            "min": 1.0,
            "max": 1.0,
            "count": 30
        }
    },
    "metadata": {
        "timer_format_version": "0.1.0",
        "start_time_seconds": "1715797419",
        "python_version": "3.10.12 | packaged by Anaconda, Inc. | (main, Jul  5 2023, 19:01:18) [MSC v.1916 64 bit (AMD64)]",
        "command_line_arguments": "C:\\Users\\18125\\anaconda3\\envs\\mlagents\\Scripts\\mlagents-learn ./config/ABB.yaml --run-id ModifiedLowPen --env=./Multitrain/ABB-RL --num-envs=8 --resume",
        "mlagents_version": "1.0.0",
        "mlagents_envs_version": "1.0.0",
        "communication_protocol_version": "1.5.0",
        "pytorch_version": "2.3.0+cpu",
        "numpy_version": "1.22.4",
        "end_time_seconds": "1715800809"
    },
    "total": 3390.187382300035,
    "count": 1,
    "self": 0.3510398999787867,
    "children": {
        "run_training.setup": {
            "total": 0.3922528000548482,
            "count": 1,
            "self": 0.3922528000548482
        },
        "TrainerController.start_learning": {
            "total": 3389.4440896000015,
            "count": 1,
            "self": 5.1381904176669195,
            "children": {
                "TrainerController._reset_env": {
                    "total": 3.522639000089839,
                    "count": 1,
                    "self": 3.522639000089839
                },
                "TrainerController.advance": {
                    "total": 3380.703341582208,
                    "count": 221440,
                    "self": 5.4503686162643135,
                    "children": {
                        "env_step": {
                            "total": 1046.3414104783442,
                            "count": 221440,
                            "self": 634.0555950345006,
                            "children": {
                                "SubprocessEnvManager._take_step": {
                                    "total": 408.9615355168935,
                                    "count": 313773,
                                    "self": 24.766180589562282,
                                    "children": {
                                        "TorchPolicy.evaluate": {
                                            "total": 384.1953549273312,
                                            "count": 304490,
                                            "self": 384.1953549273312
                                        }
                                    }
                                },
                                "workers": {
                                    "total": 3.324279926950112,
                                    "count": 221440,
                                    "self": 0.0,
                                    "children": {
                                        "worker_root": {
                                            "total": 26966.378298298107,
                                            "count": 313767,
                                            "is_parallel": true,
                                            "self": 19540.128282158752,
                                            "children": {
                                                "steps_from_proto": {
                                                    "total": 0.002449900028295815,
                                                    "count": 8,
                                                    "is_parallel": true,