{"count":1,"self":24.1709568,"total":24.2483573,"children":{"InitializeActuators":{"count":2,"self":0.0015141999999999998,"total":0.0015141999999999998,"children":null},"InitializeSensors":{"count":2,"self":0.0015023999999999999,"total":0.0015023999999999999,"children":null},"AgentSendState":{"count":3905,"self":0.009103,"total":0.0176331,"children":{"CollectObservations":{"count":196,"self":0.0055039999999999993,"total":0.0055039999999999993,"children":null},"WriteActionMask":{"count":196,"self":0.0009996,"total":0.0009996,"children":null},"RequestDecision":{"count":196,"self":0.0020265,"total":0.0020265,"children":null}}},"DecideAction":{"count":3905,"self":0.0438613,"total":0.0438613,"children":null},"AgentAct":{"count":3905,"self":0.0128895,"total":0.0128895,"children":null}},"gauges":{},"metadata":{"timer_format_version":"0.1.0","start_time_seconds":"1714634666","unity_version":"2023.2.19f1","command_line_arguments":"D:\\Unity\\2023.2.19f1\\Editor\\Unity.exe -projectpath C:\\Users\\18125\\CRB15000-RL -useHub -hubIPC -cloudEnvironment production -licensingIpc LicenseClient-18125 -hubSessionId 7bbc9b69-6357-4866-9e82-fe4995ffc21b -accessToken gY8HFl6GZwG6aC839-n-pJvZBk0EUhU5gjRFb-i7LvU005f","communication_protocol_version":"1.5.0","com.unity.ml-agents_version":"2.0.1","scene_name":"CRB15000","end_time_seconds":"1714634690"}}