{"count":1,"self":35631.2907776,"total":35631.5353087,"children":{"InitializeActuators":{"count":1,"self":0.0015037,"total":0.0015037,"children":null},"InitializeSensors":{"count":1,"self":0.0015203,"total":0.0015203,"children":null},"AgentSendState":{"count":2072,"self":0.0051476,"total":0.0186876,"children":{"CollectObservations":{"count":208,"self":0.0039002999999999998,"total":0.0039002999999999998,"children":null},"WriteActionMask":{"count":208,"self":0.0005149,"total":0.0005149,"children":null},"RequestDecision":{"count":208,"self":0.0091247999999999989,"total":0.0091247999999999989,"children":null}}},"DecideAction":{"count":2072,"self":0.1811189,"total":0.1811189,"children":null},"AgentAct":{"count":2072,"self":0.040704899999999995,"total":0.040704899999999995,"children":null}},"gauges":{"CRB15000.CumulativeReward":{"count":2,"max":677.1662,"min":272.759125,"runningAverage":474.962646,"value":272.759125,"weightedAverage":576.064453}},"metadata":{"timer_format_version":"0.1.0","start_time_seconds":"1716100421","unity_version":"2023.2.19f1","command_line_arguments":"D:\\Unity\\2023.2.19f1\\Editor\\Unity.exe -projectpath C:\\Users\\18125\\CRB15000-RL -useHub -hubIPC -cloudEnvironment production -licensingIpc LicenseClient-18125 -hubSessionId ffd7cb42-1ef7-423d-8221-8261c186d9fe -accessToken Abakc3c2OvkBG_MAf_3_ofPp8Iexsa1gCRov22KaNyM005f","communication_protocol_version":"1.5.0","com.unity.ml-agents_version":"2.0.1","scene_name":"CRB15000TrainLow","end_time_seconds":"1716136052"}}