{"count":1,"self":56.401695999999994,"total":56.786547299999995,"children":{"InitializeActuators":{"count":1,"self":0.0010283,"total":0.0010283,"children":null},"InitializeSensors":{"count":1,"self":0.0010057,"total":0.0010057,"children":null},"AgentSendState":{"count":2574,"self":0.0191302,"total":0.039908099999999995,"children":{"CollectObservations":{"count":258,"self":0.012204699999999999,"total":0.012204699999999999,"children":null},"WriteActionMask":{"count":258,"self":0,"total":0,"children":null},"RequestDecision":{"count":258,"self":0.0085732,"total":0.0085732,"children":null}}},"DecideAction":{"count":2574,"self":0.24227449999999998,"total":0.24227449999999998,"children":null},"AgentAct":{"count":2574,"self":0.10012739999999999,"total":0.10012739999999999,"children":null}},"gauges":{"CRB15000.CumulativeReward":{"count":2,"max":96.6727142,"min":-35.5434837,"runningAverage":30.5646152,"value":-35.5434837,"weightedAverage":63.6186638}},"metadata":{"timer_format_version":"0.1.0","start_time_seconds":"1716444756","unity_version":"2023.2.19f1","command_line_arguments":"D:\\Unity\\2023.2.19f1\\Editor\\Unity.exe -projectpath C:\\Users\\18125\\CRB15000-RL -useHub -hubIPC -cloudEnvironment production -licensingIpc LicenseClient-18125 -hubSessionId ffd7cb42-1ef7-423d-8221-8261c186d9fe -accessToken ZXi-Td7etElgAjhAvOo9Yrue94mr2sX1tg940DnsM9M005f","communication_protocol_version":"1.5.0","com.unity.ml-agents_version":"2.0.1","scene_name":"CRB15000TrainLow","end_time_seconds":"1716444813"}}