{"count":1,"self":27270.388121599997,"total":33769.589235,"children":{"InitializeActuators":{"count":8,"self":0.001,"total":0.001,"children":null},"InitializeSensors":{"count":8,"self":0.001008,"total":0.001008,"children":null},"AgentSendState":{"count":10175082,"self":31.3173568,"total":159.8071422,"children":{"CollectObservations":{"count":4070040,"self":89.576,"total":89.5759997,"children":null},"WriteActionMask":{"count":4070040,"self":2.3181073999999997,"total":2.3181073999999997,"children":null},"RequestDecision":{"count":4070040,"self":8.5244623999999991,"total":36.5956793,"children":{"AgentInfo.ToProto":{"count":4070040,"self":9.1640824,"total":28.0712171,"children":{"GenerateSensorData":{"count":4070040,"self":18.9071344,"total":18.907135,"children":null}}}}}}},"DecideAction":{"count":10175082,"self":6188.447744,"total":6188.4478829,"children":null},"AgentAct":{"count":10175082,"self":150.44332799999998,"total":150.94452289999998,"children":{"AgentInfo.ToProto":{"count":34468,"self":0.17853929999999998,"total":0.501196,"children":{"GenerateSensorData":{"count":34468,"self":0.32265669999999996,"total":0.32265669999999996,"children":null}}}}}},"gauges":{"CRB15000.CumulativeReward":{"count":34468,"max":17.4851418,"min":-1623.382,"runningAverage":-106.322655,"value":-96.60882,"weightedAverage":-92.7292938}},"metadata":{"timer_format_version":"0.1.0","start_time_seconds":"1715028938","unity_version":"2023.2.19f1","command_line_arguments":"D:\\Unity\\2023.2.19f1\\Editor\\Unity.exe -projectpath C:\\Users\\18125\\CRB15000-RL -useHub -hubIPC -cloudEnvironment production -licensingIpc LicenseClient-18125 -hubSessionId 7bbc9b69-6357-4866-9e82-fe4995ffc21b -accessToken XT12_836DyZ4NNqLvzUSuKSlIgXIhFx2P8CDtX8i7fs005f","communication_protocol_version":"1.5.0","com.unity.ml-agents_version":"2.0.1","scene_name":"CRB15000TrainLowUNT","end_time_seconds":"1715062708"}}