{"count":1,"self":379.696512,"total":380.7574707,"children":{"InitializeActuators":{"count":1,"self":0.0005022,"total":0.0005022,"children":null},"InitializeSensors":{"count":1,"self":0.0010039,"total":0.0010039,"children":null},"AgentSendState":{"count":9034,"self":0.0424882,"total":0.084871,"children":{"CollectObservations":{"count":904,"self":0.027223999999999998,"total":0.027223999999999998,"children":null},"WriteActionMask":{"count":904,"self":0.0010035999999999999,"total":0.0010035999999999999,"children":null},"RequestDecision":{"count":904,"self":0.0141552,"total":0.0141552,"children":null}}},"DecideAction":{"count":9034,"self":0.7203216,"total":0.7203216,"children":null},"AgentAct":{"count":9034,"self":0.25426529999999997,"total":0.25426529999999997,"children":null}},"gauges":{"CRB15000.CumulativeReward":{"count":9,"max":130.744186,"min":-2177.61572,"runningAverage":-262.082825,"value":-97.22185,"weightedAverage":-139.142776}},"metadata":{"timer_format_version":"0.1.0","start_time_seconds":"1716444200","unity_version":"2023.2.19f1","command_line_arguments":"D:\\Unity\\2023.2.19f1\\Editor\\Unity.exe -projectpath C:\\Users\\18125\\CRB15000-RL -useHub -hubIPC -cloudEnvironment production -licensingIpc LicenseClient-18125 -hubSessionId ffd7cb42-1ef7-423d-8221-8261c186d9fe -accessToken ZXi-Td7etElgAjhAvOo9Yrue94mr2sX1tg940DnsM9M005f","communication_protocol_version":"1.5.0","com.unity.ml-agents_version":"2.0.1","scene_name":"CRB15000TrainLow","end_time_seconds":"1716444581"}}