{"count":1,"self":38.202064,"total":38.3519703,"children":{"InitializeActuators":{"count":1,"self":0.0015096999999999999,"total":0.0015096999999999999,"children":null},"InitializeSensors":{"count":1,"self":0.00052839999999999994,"total":0.00052839999999999994,"children":null},"AgentSendState":{"count":750,"self":0.0065403,"total":0.020819999999999998,"children":{"CollectObservations":{"count":75,"self":0.0051093,"total":0.0051093,"children":null},"WriteActionMask":{"count":75,"self":0.0010061,"total":0.0010061,"children":null},"RequestDecision":{"count":75,"self":0.0081643,"total":0.0081643,"children":null}}},"DecideAction":{"count":750,"self":0.10165339999999999,"total":0.10165339999999999,"children":null},"AgentAct":{"count":750,"self":0.0253942,"total":0.0253942,"children":null}},"gauges":{},"metadata":{"timer_format_version":"0.1.0","start_time_seconds":"1715776702","unity_version":"2023.2.19f1","command_line_arguments":"D:\\Unity\\2023.2.19f1\\Editor\\Unity.exe -projectpath C:\\Users\\18125\\CRB15000-RL -useHub -hubIPC -cloudEnvironment production -licensingIpc LicenseClient-18125 -hubSessionId c86191a7-d260-47b6-bc22-e63363fc0ffc -accessToken U7A6iaYOdMTYame3_uWvrDVCVgVHhUjBqx1t4KqCsTE005f","communication_protocol_version":"1.5.0","com.unity.ml-agents_version":"2.0.1","scene_name":"CRB15000TrainLow","end_time_seconds":"1715776741"}}