{"count":1,"self":95.4697664,"total":104.42766089999999,"children":{"InitializeActuators":{"count":1,"self":0.0005143,"total":0.0005143,"children":null},"InitializeSensors":{"count":1,"self":0.0010280999999999999,"total":0.0010280999999999999,"children":null},"AgentSendState":{"count":603,"self":0.0030364999999999997,"total":0.015257499999999998,"children":{"CollectObservations":{"count":61,"self":0.0050482999999999995,"total":0.0050482999999999995,"children":null},"WriteActionMask":{"count":61,"self":0,"total":0,"children":null},"RequestDecision":{"count":61,"self":0.0071727,"total":0.0071727,"children":null}}},"DecideAction":{"count":603,"self":0.059721199999999995,"total":0.059721199999999995,"children":null},"AgentAct":{"count":603,"self":8.8813719999999989,"total":8.8813722999999989,"children":null}},"gauges":{"CRB15000.CumulativeReward":{"count":4,"max":1.004609,"min":0.772144139,"runningAverage":0.833972156,"value":0.7762226,"weightedAverage":0.8727492}},"metadata":{"timer_format_version":"0.1.0","start_time_seconds":"1719128674","unity_version":"2023.2.19f1","command_line_arguments":"D:\\Unity\\2023.2.19f1\\Editor\\Unity.exe -projectpath C:\\Users\\18125\\CRB15000-RL -useHub -hubIPC -cloudEnvironment production","communication_protocol_version":"1.5.0","com.unity.ml-agents_version":"3.0.0-exp.1","scene_name":"HighLvlTester","end_time_seconds":"1719128778"}}