{"count":1,"self":60.357983999999995,"total":61.9810308,"children":{"InitializeActuators":{"count":1,"self":0.0015248,"total":0.0015248,"children":null},"InitializeSensors":{"count":1,"self":0.00099969999999999985,"total":0.00099969999999999985,"children":null},"AgentSendState":{"count":2379,"self":0.0116619,"total":0.0234187,"children":{"CollectObservations":{"count":238,"self":0.0050120999999999994,"total":0.0050120999999999994,"children":null},"WriteActionMask":{"count":238,"self":0.0021305,"total":0.0021305,"children":null},"RequestDecision":{"count":238,"self":0.0046142,"total":0.0046142,"children":null}}},"DecideAction":{"count":2379,"self":0.17257999999999998,"total":0.17257999999999998,"children":null},"AgentAct":{"count":2379,"self":1.4245259,"total":1.4245259,"children":null}},"gauges":{"CRB15000.CumulativeReward":{"count":4,"max":1.2474556,"min":-0.121199854,"runningAverage":0.5830147,"value":0.9922393,"weightedAverage":0.7816376}},"metadata":{"timer_format_version":"0.1.0","start_time_seconds":"1719249260","unity_version":"2023.2.19f1","command_line_arguments":"D:\\Unity\\2023.2.19f1\\Editor\\Unity.exe -projectpath C:\\Users\\18125\\CRB15000-RL -useHub -hubIPC -cloudEnvironment production","communication_protocol_version":"1.5.0","com.unity.ml-agents_version":"3.0.0-exp.1","scene_name":"HighLvlTester","end_time_seconds":"1719249322"}}