{
    "name": "root",
    "gauges": {
        "CRB15000.Policy.Entropy.mean": {
            "value": -0.3334527313709259,
            "min": -0.3334527313709259,
            "max": -0.3334527313709259,
            "count": 1
        },
        "CRB15000.Policy.Entropy.sum": {
            "value": -10072.9404296875,
            "min": -10072.9404296875,
            "max": -10072.9404296875,
            "count": 1
        },
        "CRB15000.Environment.EpisodeLength.mean": {
            "value": 21.871794871794872,
            "min": 21.871794871794872,
            "max": 21.871794871794872,
            "count": 1
        },
        "CRB15000.Environment.EpisodeLength.sum": {
            "value": 25590.0,
            "min": 25590.0,
            "max": 25590.0,
            "count": 1
        },
        "CRB15000.Step.mean": {
            "value": 39198694.0,
            "min": 39198694.0,
            "max": 39198694.0,
            "count": 1
        },
        "CRB15000.Step.sum": {
            "value": 39198694.0,
            "min": 39198694.0,
            "max": 39198694.0,
            "count": 1
        },
        "CRB15000.Policy.ExtrinsicValueEstimate.mean": {
            "value": 17.583484649658203,
            "min": 17.583484649658203,
            "max": 17.583484649658203,
            "count": 1
        },
        "CRB15000.Policy.ExtrinsicValueEstimate.sum": {
            "value": 20555.09375,
            "min": 20555.09375,
            "max": 20555.09375,
            "count": 1
        },
        "CRB15000.Environment.CumulativeReward.mean": {
            "value": -202.34210754766536,
            "min": -202.34210754766536,
            "max": -202.34210754766536,
            "count": 1
        },
        "CRB15000.Environment.CumulativeReward.sum": {
            "value": -236537.92372322083,
            "min": -236537.92372322083,
            "max": -236537.92372322083,
            "count": 1
        },
        "CRB15000.Policy.ExtrinsicReward.mean": {
            "value": -202.34210754766536,
            "min": -202.34210754766536,
            "max": -202.34210754766536,
            "count": 1
        },
        "CRB15000.Policy.ExtrinsicReward.sum": {
            "value": -236537.92372322083,
            "min": -236537.92372322083,
            "max": -236537.92372322083,
            "count": 1
        },
        "CRB15000.IsTraining.mean": {
            "value": 1.0,
            "min": 1.0,
            "max": 1.0,
            "count": 1
        },
        "CRB15000.IsTraining.sum": {
            "value": 1.0,
            "min": 1.0,
            "max": 1.0,
            "count": 1
        }
    },
    "metadata": {
        "timer_format_version": "0.1.0",
        "start_time_seconds": "1715410712",
        "python_version": "3.10.12 | packaged by Anaconda, Inc. | (main, Jul  5 2023, 19:01:18) [MSC v.1916 64 bit (AMD64)]",
        "command_line_arguments": "C:\\Users\\18125\\anaconda3\\envs\\mlagents\\Scripts\\mlagents-learn ./Assets/config/ABB.yaml --run-id ModifiedLow --env=./Multitrain/ABB-RL --num-envs=8 --resume",
        "mlagents_version": "1.0.0",
        "mlagents_envs_version": "1.0.0",
        "communication_protocol_version": "1.5.0",
        "pytorch_version": "2.3.0+cpu",
        "numpy_version": "1.22.4",
        "end_time_seconds": "1715410735"
    },
    "total": 22.360154599999078,
    "count": 1,
    "self": 1.117125799995847,
    "children": {
        "run_training.setup": {
            "total": 0.5092564999940805,
            "count": 1,
            "self": 0.5092564999940805
        },
        "TrainerController.start_learning": {
            "total": 20.73377230000915,
            "count": 1,
            "self": 0.05810130143072456,
            "children": {
                "TrainerController._reset_env": {
                    "total": 4.2093743000295945,
                    "count": 1,
                    "self": 4.2093743000295945
                },
                "TrainerController.advance": {
                    "total": 16.22087859857129,
                    "count": 2220,
                    "self": 0.047315196541603655,
                    "children": {
                        "env_step": {
                            "total": 7.603855602326803,
                            "count": 2220,
                            "self": 4.134971905441489,
                            "children": {
                                "SubprocessEnvManager._take_step": {
                                    "total": 3.4325363973039202,
                                    "count": 4253,
                                    "self": 0.3298815996386111,
                                    "children": {
                                        "TorchPolicy.evaluate": {
                                            "total": 3.102654797665309,
                                            "count": 2771,
                                            "self": 3.102654797665309
                                        }
                                    }
                                },
                                "workers": {
                                    "total": 0.0363472995813936,
                                    "count": 2220,
                                    "self": 0.0,
                                    "children": {
                                        "worker_root": {
                                            "total": 115.35730289964704,
                                            "count": 4248,
                                            "is_parallel": true,
                                            "self": 51.724505101155955,
                                            "children": {
                                                "steps_from_proto": {
                                                    "total": 0.0035682000452652574,
                                                    "count": 8,
                                                    "is_parallel": true,
                                                    "self": 0.0009746000287123024,
                                                    "children": {
                                                        "_process_rank_one_or_two_observation": {
                                                            "total": 0.002593600016552955,
                                                            "count": 16,
                                                            "is_parallel": true,
                                                            "self": 0.002593600016552955
                                                        }
                                                    }
                                                },
                                                "UnityEnvironment.step": {
                                                    "total": 63.62922959844582,
                                                    "count": 4248,
                                                    "is_parallel": true,
                                                    "self": 0.5749759975005873,
                                                    "children": {
                                                        "UnityEnvironment._generate_step_input": {
                                                            "total": 0.8019674005336128,
                                                            "count": 4248,
                                                            "is_parallel": true,
                                                            "self": 0.8019674005336128
                                                        },
                                                        "communicator.exchange": {
                                                            "total": 60.92178199987393,
                                                            "count": 4248,