{
    "name": "root",
    "gauges": {
        "CRB15000.Policy.Entropy.mean": {
            "value": 0.02124781534075737,
            "min": 0.02124781534075737,
            "max": 0.20242540538311005,
            "count": 43
        },
        "CRB15000.Policy.Entropy.sum": {
            "value": 872.435302734375,
            "min": 872.435302734375,
            "max": 8227.6455078125,
            "count": 43
        },
        "CRB15000.Environment.EpisodeLength.mean": {
            "value": 98.79075425790754,
            "min": 98.30750605326877,
            "max": 99.0,
            "count": 43
        },
        "CRB15000.Environment.EpisodeLength.sum": {
            "value": 40603.0,
            "min": 13584.0,
            "max": 40638.0,
            "count": 43
        },
        "CRB15000.Step.mean": {
            "value": 3686391.0,
            "min": 1966014.0,
            "max": 3686391.0,
            "count": 43
        },
        "CRB15000.Step.sum": {
            "value": 3686391.0,
            "min": 1966014.0,
            "max": 3686391.0,
            "count": 43
        },
        "CRB15000.Policy.ExtrinsicValueEstimate.mean": {
            "value": -0.8530137538909912,
            "min": -1.4119105339050293,
            "max": -0.8530137538909912,
            "count": 43
        },
        "CRB15000.Policy.ExtrinsicValueEstimate.sum": {
            "value": -350.5886535644531,
            "min": -580.50244140625,
            "max": -193.43174743652344,
            "count": 43
        },
        "CRB15000.Environment.CumulativeReward.mean": {
            "value": -0.14529623360307367,
            "min": -0.35471988310063046,
            "max": -0.06589611978644003,
            "count": 43
        },
        "CRB15000.Environment.CumulativeReward.sum": {
            "value": -59.716752010863274,
            "min": -145.7898719543591,
            "max": -27.08330523222685,
            "count": 43
        },
        "CRB15000.Policy.ExtrinsicReward.mean": {
            "value": -0.14529623360307367,
            "min": -0.35471988310063046,
            "max": -0.06589611978644003,
            "count": 43
        },
        "CRB15000.Policy.ExtrinsicReward.sum": {
            "value": -59.716752010863274,
            "min": -145.7898719543591,
            "max": -27.08330523222685,
            "count": 43
        },
        "CRB15000.IsTraining.mean": {
            "value": 1.0,
            "min": 1.0,
            "max": 1.0,
            "count": 43
        },
        "CRB15000.IsTraining.sum": {
            "value": 1.0,
            "min": 1.0,
            "max": 1.0,
            "count": 43
        },
        "CRB15000.Losses.PolicyLoss.mean": {
            "value": 0.011381023300054948,
            "min": 0.009616065665568385,
            "max": 0.014384316292125731,
            "count": 42
        },
        "CRB15000.Losses.PolicyLoss.sum": {
            "value": 0.011381023300054948,
            "min": 0.009616065665568385,
            "max": 0.014384316292125731,
            "count": 42
        },
        "CRB15000.Losses.ValueLoss.mean": {
            "value": 0.006457838614005595,
            "min": 0.0057555366365704685,
            "max": 0.009560620924457908,
            "count": 42
        },
        "CRB15000.Losses.ValueLoss.sum": {
            "value": 0.006457838614005595,
            "min": 0.0057555366365704685,
            "max": 0.009560620924457908,
            "count": 42
        },
        "CRB15000.Policy.LearningRate.mean": {
            "value": 7.952545349154e-05,
            "min": 7.952545349154e-05,
            "max": 0.00018039411986863998,
            "count": 42
        },
        "CRB15000.Policy.LearningRate.sum": {
            "value": 7.952545349154e-05,
            "min": 7.952545349154e-05,
            "max": 0.00018039411986863998,
            "count": 42
        },
        "CRB15000.Policy.Epsilon.mean": {
            "value": 0.12650846,
            "min": 0.12650846,
            "max": 0.16013136000000003,
            "count": 42
        },
        "CRB15000.Policy.Epsilon.sum": {
            "value": 0.12650846,
            "min": 0.12650846,
            "max": 0.16013136000000003,
            "count": 42
        },
        "CRB15000.Policy.Beta.mean": {
            "value": 0.001332772154,
            "min": 0.001332772154,
            "max": 0.003010554864000001,
            "count": 42
        },
        "CRB15000.Policy.Beta.sum": {
            "value": 0.001332772154,
            "min": 0.001332772154,
            "max": 0.003010554864000001,
            "count": 42
        }
    },
    "metadata": {
        "timer_format_version": "0.1.0",
        "start_time_seconds": "1718856400",
        "python_version": "3.10.12 | packaged by Anaconda, Inc. | (main, Jul  5 2023, 19:01:18) [MSC v.1916 64 bit (AMD64)]",
        "command_line_arguments": "C:\\Users\\18125\\anaconda3\\envs\\mlagents\\Scripts\\mlagents-learn ./config/HighBatch.yaml --run-id seven2 --env=./Builds/seven2/ABB-RL --num-envs=8 --initialize-from seven --resume",
        "mlagents_version": "1.0.0",
        "mlagents_envs_version": "1.0.0",
        "communication_protocol_version": "1.5.0",
        "pytorch_version": "2.3.0+cpu",
        "numpy_version": "1.22.4",
        "end_time_seconds": "1718879375"
    },
    "total": 22977.85021850001,
    "count": 1,
    "self": 6.727749400030007,
    "children": {
        "run_training.setup": {
            "total": 0.4518621999886818,
            "count": 1,
            "self": 0.4518621999886818
        },
        "TrainerController.start_learning": {
            "total": 22970.670606899992,
            "count": 1,
            "self": 22.153446698604967,
            "children": {
                "TrainerController._reset_env": {
                    "total": 8.43740360000811,
                    "count": 1,
                    "self": 8.43740360000811
                },
                "TrainerController.advance": {
                    "total": 22940.02837180138,
                    "count": 1761652,
                    "self": 20.30519392408314,
                    "children": {
                        "env_step": {
                            "total": 22070.6048702978,
                            "count": 1761652,
                            "self": 20910.550015188943,
                            "children": {
                                "SubprocessEnvManager._take_step": {
                                    "total": 1145.2621849095449,
                                    "count": 1774540,
                                    "self": 63.303364109407994,
                                    "children": {
                                        "TorchPolicy.evaluate": {
                                            "total": 1081.958820800137,
                                            "count": 1758658,
                                            "self": 1081.958820800137
                                        }
                                    }
                                },
                                "workers": {
                                    "total": 14.792670199312852,
                                    "count": 1761651,
                                    "self": 0.0,
                                    "children": {
                                        "worker_root": {
                                            "total": 183669.19673180286,
                                            "count": 1774532,
                                            "is_parallel": true,
                                            "self": 8304.142352221446,
                                            "children": {
                                                "steps_from_proto": {
                                                    "total": 0.0016012999840313569,
                                                    "count": 8,