{
    "name": "root",
    "gauges": {
        "CRB15000.Policy.Entropy.mean": {
            "value": 1.4200119972229004,
            "min": 1.4200119972229004,
            "max": 1.4200119972229004,
            "count": 1
        },
        "CRB15000.Policy.Entropy.sum": {
            "value": 234017.96875,
            "min": 234017.96875,
            "max": 234017.96875,
            "count": 1
        },
        "CRB15000.Environment.EpisodeLength.mean": {
            "value": 99.0,
            "min": 99.0,
            "max": 99.0,
            "count": 1
        },
        "CRB15000.Environment.EpisodeLength.sum": {
            "value": 163152.0,
            "min": 163152.0,
            "max": 163152.0,
            "count": 1
        },
        "CRB15000.Step.mean": {
            "value": 163800.0,
            "min": 163800.0,
            "max": 163800.0,
            "count": 1
        },
        "CRB15000.Step.sum": {
            "value": 163800.0,
            "min": 163800.0,
            "max": 163800.0,
            "count": 1
        },
        "CRB15000.Policy.ExtrinsicValueEstimate.mean": {
            "value": 0.023104680702090263,
            "min": 0.023104680702090263,
            "max": 0.023104680702090263,
            "count": 1
        },
        "CRB15000.Policy.ExtrinsicValueEstimate.sum": {
            "value": 37.84546661376953,
            "min": 37.84546661376953,
            "max": 37.84546661376953,
            "count": 1
        },
        "CRB15000.Environment.CumulativeReward.mean": {
            "value": 0.0,
            "min": 0.0,
            "max": 0.0,
            "count": 1
        },
        "CRB15000.Environment.CumulativeReward.sum": {
            "value": 0.0,
            "min": 0.0,
            "max": 0.0,
            "count": 1
        },
        "CRB15000.Policy.ExtrinsicReward.mean": {
            "value": 0.0,
            "min": 0.0,
            "max": 0.0,
            "count": 1
        },
        "CRB15000.Policy.ExtrinsicReward.sum": {
            "value": 0.0,
            "min": 0.0,
            "max": 0.0,
            "count": 1
        },
        "CRB15000.Losses.PolicyLoss.mean": {
            "value": 0.007777797611799997,
            "min": 0.007777797611799997,
            "max": 0.007777797611799997,
            "count": 1
        },
        "CRB15000.Losses.PolicyLoss.sum": {
            "value": 0.007777797611799997,
            "min": 0.007777797611799997,
            "max": 0.007777797611799997,
            "count": 1
        },
        "CRB15000.Losses.ValueLoss.mean": {
            "value": 0.00042488289597715224,
            "min": 0.00042488289597715224,
            "max": 0.00042488289597715224,
            "count": 1
        },
        "CRB15000.Losses.ValueLoss.sum": {
            "value": 0.00042488289597715224,
            "min": 0.00042488289597715224,
            "max": 0.00042488289597715224,
            "count": 1
        },
        "CRB15000.Policy.LearningRate.mean": {
            "value": 0.0002999500800166399,
            "min": 0.0002999500800166399,
            "max": 0.0002999500800166399,
            "count": 1
        },
        "CRB15000.Policy.LearningRate.sum": {
            "value": 0.0002999500800166399,
            "min": 0.0002999500800166399,
            "max": 0.0002999500800166399,
            "count": 1
        },
        "CRB15000.Policy.Epsilon.mean": {
            "value": 0.19998336000000003,
            "min": 0.19998336000000003,
            "max": 0.19998336000000003,
            "count": 1
        },
        "CRB15000.Policy.Epsilon.sum": {
            "value": 0.19998336000000003,
            "min": 0.19998336000000003,
            "max": 0.19998336000000003,
            "count": 1
        },
        "CRB15000.Policy.Beta.mean": {
            "value": 0.0049991696639999994,
            "min": 0.0049991696639999994,
            "max": 0.0049991696639999994,
            "count": 1
        },
        "CRB15000.Policy.Beta.sum": {
            "value": 0.0049991696639999994,
            "min": 0.0049991696639999994,
            "max": 0.0049991696639999994,
            "count": 1
        },
        "CRB15000.IsTraining.mean": {
            "value": 1.0,
            "min": 1.0,
            "max": 1.0,
            "count": 1
        },
        "CRB15000.IsTraining.sum": {
            "value": 1.0,
            "min": 1.0,
            "max": 1.0,
            "count": 1
        }
    },
    "metadata": {
        "timer_format_version": "0.1.0",
        "start_time_seconds": "1717922911",
        "python_version": "3.10.12 | packaged by Anaconda, Inc. | (main, Jul  5 2023, 19:01:18) [MSC v.1916 64 bit (AMD64)]",
        "command_line_arguments": "C:\\Users\\18125\\anaconda3\\envs\\mlagents\\Scripts\\mlagents-learn ./config/ABB.yaml --run-id GymHigh --env=./Builds/GymHigh/ABB-RL --num-envs=1 --force",
        "mlagents_version": "1.0.0",
        "mlagents_envs_version": "1.0.0",
        "communication_protocol_version": "1.5.0",
        "pytorch_version": "2.3.0+cpu",
        "numpy_version": "1.22.4",
        "end_time_seconds": "1717923124"
    },
    "total": 212.5563844999997,
    "count": 1,
    "self": 10.008417999953963,
    "children": {
        "run_training.setup": {
            "total": 0.058762800064869225,
            "count": 1,
            "self": 0.058762800064869225
        },
        "TrainerController.start_learning": {
            "total": 202.48920369998086,
            "count": 1,
            "self": 0.1481477963970974,
            "children": {
                "TrainerController._reset_env": {
                    "total": 7.591341400053352,
                    "count": 1,
                    "self": 7.591341400053352
                },
                "TrainerController.advance": {
                    "total": 194.54010830353945,
                    "count": 10400,
                    "self": 0.14386329834815115,
                    "children": {
                        "env_step": {
                            "total": 136.91723110014573,
                            "count": 10400,
                            "self": 126.93185120413546,
                            "children": {
                                "SubprocessEnvManager._take_step": {
                                    "total": 9.890153491171077,
                                    "count": 10400,
                                    "self": 0.5214963870821521,
                                    "children": {
                                        "TorchPolicy.evaluate": {
                                            "total": 9.368657104088925,
                                            "count": 10400,
                                            "self": 9.368657104088925
                                        }
                                    }
                                },
                                "workers": {
                                    "total": 0.09522640483919531,
                                    "count": 10400,
                                    "self": 0.0,
                                    "children": {
                                        "worker_root": {
                                            "total": 177.28711749846116,
                                            "count": 10400,
                                            "is_parallel": true,
                                            "self": 60.10783970251214,
                                            "children": {
                                                "steps_from_proto": {
                                                    "total": 0.0011581999715417624,
                                                    "count": 1,
                                                    "is_parallel": true,
                                                    "self": 9.579991456121206e-05,