{
    "name": "root",
    "gauges": {
        "CRB15000.Policy.Entropy.mean": {
            "value": -1.2770248651504517,
            "min": -1.2770248651504517,
            "max": -1.2493321895599365,
            "count": 27
        },
        "CRB15000.Policy.Entropy.sum": {
            "value": -52414.2109375,
            "min": -52414.2109375,
            "max": -51186.62109375,
            "count": 27
        },
        "CRB15000.Environment.EpisodeLength.mean": {
            "value": 98.92439024390244,
            "min": 61.3455098934551,
            "max": 99.0,
            "count": 27
        },
        "CRB15000.Environment.EpisodeLength.sum": {
            "value": 40559.0,
            "min": 40304.0,
            "max": 40620.0,
            "count": 27
        },
        "CRB15000.Step.mean": {
            "value": 1105861.0,
            "min": 40951.0,
            "max": 1105861.0,
            "count": 27
        },
        "CRB15000.Step.sum": {
            "value": 1105861.0,
            "min": 40951.0,
            "max": 1105861.0,
            "count": 27
        },
        "CRB15000.Policy.ExtrinsicValueEstimate.mean": {
            "value": -0.32071638107299805,
            "min": -0.32071638107299805,
            "max": -0.054658036679029465,
            "count": 27
        },
        "CRB15000.Policy.ExtrinsicValueEstimate.sum": {
            "value": -131.49371337890625,
            "min": -131.49371337890625,
            "max": -22.4097957611084,
            "count": 27
        },
        "CRB15000.Environment.CumulativeReward.mean": {
            "value": -0.19870834553205385,
            "min": -0.23165096053228965,
            "max": -0.19693974453683308,
            "count": 27
        },
        "CRB15000.Environment.CumulativeReward.sum": {
            "value": -81.47042166814208,
            "min": -151.963030109182,
            "max": -80.59226834168658,
            "count": 27
        },
        "CRB15000.Policy.ExtrinsicReward.mean": {
            "value": -0.19870834553205385,
            "min": -0.23165096053228965,
            "max": -0.19693974453683308,
            "count": 27
        },
        "CRB15000.Policy.ExtrinsicReward.sum": {
            "value": -81.47042166814208,
            "min": -151.963030109182,
            "max": -80.59226834168658,
            "count": 27
        },
        "CRB15000.IsTraining.mean": {
            "value": 1.0,
            "min": 1.0,
            "max": 1.0,
            "count": 27
        },
        "CRB15000.IsTraining.sum": {
            "value": 1.0,
            "min": 1.0,
            "max": 1.0,
            "count": 27
        },
        "CRB15000.Losses.PolicyLoss.mean": {
            "value": 0.010856614029626144,
            "min": 0.009742747713175959,
            "max": 0.06066764871357009,
            "count": 26
        },
        "CRB15000.Losses.PolicyLoss.sum": {
            "value": 0.010856614029626144,
            "min": 0.009742747713175959,
            "max": 0.06066764871357009,
            "count": 26
        },
        "CRB15000.Losses.ValueLoss.mean": {
            "value": 0.0002507618202798767,
            "min": 0.0002507618202798767,
            "max": 0.0936512554064393,
            "count": 26
        },
        "CRB15000.Losses.ValueLoss.sum": {
            "value": 0.0002507618202798767,
            "min": 0.0002507618202798767,
            "max": 0.0936512554064393,
            "count": 26
        },
        "CRB15000.Policy.LearningRate.mean": {
            "value": 0.00023604050131984005,
            "min": 0.00023604050131984005,
            "max": 0.00029754234081922005,
            "count": 26
        },
        "CRB15000.Policy.LearningRate.sum": {
            "value": 0.00023604050131984005,
            "min": 0.00023604050131984005,
            "max": 0.00029754234081922005,
            "count": 26
        },
        "CRB15000.Policy.Epsilon.mean": {
            "value": 0.17868016000000003,
            "min": 0.17868016000000003,
            "max": 0.19918078000000003,
            "count": 26
        },
        "CRB15000.Policy.Epsilon.sum": {
            "value": 0.17868016000000003,
            "min": 0.17868016000000003,
            "max": 0.19918078000000003,
            "count": 26
        },
        "CRB15000.Policy.Beta.mean": {
            "value": 0.0039361399839999995,
            "min": 0.0039361399839999995,
            "max": 0.004959120922000001,
            "count": 26
        },
        "CRB15000.Policy.Beta.sum": {
            "value": 0.0039361399839999995,
            "min": 0.0039361399839999995,
            "max": 0.004959120922000001,
            "count": 26
        }
    },
    "metadata": {
        "timer_format_version": "0.1.0",
        "start_time_seconds": "1719461153",
        "python_version": "3.10.12 | packaged by Anaconda, Inc. | (main, Jul  5 2023, 19:01:18) [MSC v.1916 64 bit (AMD64)]",
        "command_line_arguments": "C:\\Users\\18125\\anaconda3\\envs\\mlagents\\Scripts\\mlagents-learn ./config/HighBatch.yaml --run-id rq7new --env=./Builds/rq7/ABB-RL --num-envs=8 --initialize-from rq6",
        "mlagents_version": "1.0.0",
        "mlagents_envs_version": "1.0.0",
        "communication_protocol_version": "1.5.0",
        "pytorch_version": "2.3.0+cpu",
        "numpy_version": "1.22.4",
        "end_time_seconds": "1719476897"
    },
    "total": 15743.980347,
    "count": 1,
    "self": 4.670668300004763,
    "children": {
        "run_training.setup": {
            "total": 0.3460488999990048,
            "count": 1,
            "self": 0.3460488999990048
        },
        "TrainerController.start_learning": {
            "total": 15738.963629799997,
            "count": 1,
            "self": 13.614924701545533,
            "children": {
                "TrainerController._reset_env": {
                    "total": 8.60202709999794,
                    "count": 1,
                    "self": 8.60202709999794
                },
                "TrainerController.advance": {
                    "total": 15716.713147598464,
                    "count": 1144514,
                    "self": 12.566905498362757,
                    "children": {
                        "env_step": {
                            "total": 15204.143754002584,
                            "count": 1144514,
                            "self": 14483.052160598476,
                            "children": {
                                "SubprocessEnvManager._take_step": {
                                    "total": 712.0375887030204,
                                    "count": 1151665,
                                    "self": 38.71691980154719,
                                    "children": {
                                        "TorchPolicy.evaluate": {
                                            "total": 673.3206689014733,
                                            "count": 1140039,
                                            "self": 673.3206689014733
                                        }
                                    }
                                },
                                "workers": {
                                    "total": 9.054004701087251,
                                    "count": 1144513,
                                    "self": 0.0,
                                    "children": {
                                        "worker_root": {
                                            "total": 125825.4577432963,
                                            "count": 1151657,
                                            "is_parallel": true,
                                            "self": 4921.582614489176,
                                            "children": {
                                                "steps_from_proto": {
                                                    "total": 0.004017800001747673,
                                                    "count": 8,