{
    "name": "root",
    "gauges": {
        "CRB15000.Policy.Entropy.mean": {
            "value": -1.6068730354309082,
            "min": -1.6068730354309082,
            "max": -1.1327844858169556,
            "count": 190
        },
        "CRB15000.Policy.Entropy.sum": {
            "value": -262858.71875,
            "min": -265879.84375,
            "max": -183964.9375,
            "count": 190
        },
        "CRB15000.Environment.EpisodeLength.mean": {
            "value": 99.0,
            "min": 98.79890643985419,
            "max": 99.0,
            "count": 190
        },
        "CRB15000.Environment.EpisodeLength.sum": {
            "value": 163053.0,
            "min": 160875.0,
            "max": 163647.0,
            "count": 190
        },
        "CRB15000.Step.mean": {
            "value": 31129552.0,
            "min": 163765.0,
            "max": 31129552.0,
            "count": 190
        },
        "CRB15000.Step.sum": {
            "value": 31129552.0,
            "min": 163765.0,
            "max": 31129552.0,
            "count": 190
        },
        "CRB15000.Policy.ExtrinsicValueEstimate.mean": {
            "value": -0.16336208581924438,
            "min": -0.2139779031276703,
            "max": -0.12925398349761963,
            "count": 190
        },
        "CRB15000.Policy.ExtrinsicValueEstimate.sum": {
            "value": -267.58709716796875,
            "min": -350.70977783203125,
            "max": -211.8472900390625,
            "count": 190
        },
        "CRB15000.Environment.CumulativeReward.mean": {
            "value": -0.09061212819046881,
            "min": -0.12542215162402903,
            "max": -0.09048001884236759,
            "count": 190
        },
        "CRB15000.Environment.CumulativeReward.sum": {
            "value": -148.4226659759879,
            "min": -205.5669065117836,
            "max": -148.29675088264048,
            "count": 190
        },
        "CRB15000.Policy.ExtrinsicReward.mean": {
            "value": -0.09061212819046881,
            "min": -0.12542215162402903,
            "max": -0.09048001884236759,
            "count": 190
        },
        "CRB15000.Policy.ExtrinsicReward.sum": {
            "value": -148.4226659759879,
            "min": -205.5669065117836,
            "max": -148.29675088264048,
            "count": 190
        },
        "CRB15000.Losses.PolicyLoss.mean": {
            "value": 0.008965571940518658,
            "min": 0.007164189041031932,
            "max": 0.010567592452025565,
            "count": 190
        },
        "CRB15000.Losses.PolicyLoss.sum": {
            "value": 0.017931143881037316,
            "min": 0.007164189041031932,
            "max": 0.02113518490405113,
            "count": 190
        },
        "CRB15000.Losses.ValueLoss.mean": {
            "value": 8.323718375891076e-06,
            "min": 6.929028461399867e-06,
            "max": 7.43150268590398e-05,
            "count": 190
        },
        "CRB15000.Losses.ValueLoss.sum": {
            "value": 1.6647436751782152e-05,
            "min": 7.862253971779864e-06,
            "max": 0.00011816188890634294,
            "count": 190
        },
        "CRB15000.Policy.LearningRate.mean": {
            "value": 0.0002813585450138203,
            "min": 0.0002813585450138203,
            "max": 0.0002999500800166399,
            "count": 190
        },
        "CRB15000.Policy.LearningRate.sum": {
            "value": 0.0005627170900276406,
            "min": 0.0002858938433020538,
            "max": 0.000599750442083186,
            "count": 190
        },
        "CRB15000.Policy.Epsilon.mean": {
            "value": 0.19378617960000005,
            "min": 0.19378617960000005,
            "max": 0.19998336000000003,
            "count": 190
        },
        "CRB15000.Policy.Epsilon.sum": {
            "value": 0.3875723592000001,
            "min": 0.1952979462,
            "max": 0.399916814,
            "count": 190
        },
        "CRB15000.Policy.Beta.mean": {
            "value": 0.0046899303620400005,
            "min": 0.0046899303620400005,
            "max": 0.0049991696639999994,
            "count": 190
        },
        "CRB15000.Policy.Beta.sum": {
            "value": 0.009379860724080001,
            "min": 0.004765367515380001,
            "max": 0.0099958490186,
            "count": 190
        },
        "CRB15000.IsTraining.mean": {
            "value": 1.0,
            "min": 1.0,
            "max": 1.0,
            "count": 190
        },
        "CRB15000.IsTraining.sum": {
            "value": 1.0,
            "min": 1.0,
            "max": 1.0,
            "count": 190
        }
    },
    "metadata": {
        "timer_format_version": "0.1.0",
        "start_time_seconds": "1716978322",
        "python_version": "3.10.12 | packaged by Anaconda, Inc. | (main, Jul  5 2023, 19:01:18) [MSC v.1916 64 bit (AMD64)]",
        "command_line_arguments": "C:\\Users\\18125\\anaconda3\\envs\\mlagents\\Scripts\\mlagents-learn ./config/ABB.yaml --run-id MLPNormalizedNIv2 --env=./Builds/GymMLPNormv2/ABB-RL --num-envs=8 --initialize-from MLPNormalizedNI",
        "mlagents_version": "1.0.0",
        "mlagents_envs_version": "1.0.0",
        "communication_protocol_version": "1.5.0",
        "pytorch_version": "2.3.0+cpu",
        "numpy_version": "1.22.4",
        "end_time_seconds": "1717003752"
    },
    "total": 25430.197339299833,
    "count": 1,
    "self": 1.5229464997537434,
    "children": {
        "run_training.setup": {
            "total": 0.3695497000589967,
            "count": 1,
            "self": 0.3695497000589967
        },
        "TrainerController.start_learning": {
            "total": 25428.30484310002,
            "count": 1,
            "self": 39.56472938763909,
            "children": {
                "TrainerController._reset_env": {
                    "total": 7.462760599795729,
                    "count": 1,
                    "self": 7.462760599795729
                },
                "TrainerController.advance": {
                    "total": 25381.155539712403,
                    "count": 1507499,
                    "self": 38.33211742085405,
                    "children": {
                        "env_step": {
                            "total": 7100.389629382407,
                            "count": 1507499,
                            "self": 4265.282847218448,
                            "children": {
                                "SubprocessEnvManager._take_step": {
                                    "total": 2810.7742147261743,
                                    "count": 1981834,
                                    "self": 175.83744638692588,
                                    "children": {
                                        "TorchPolicy.evaluate": {
                                            "total": 2634.9367683392484,
                                            "count": 1949916,
                                            "self": 2634.9367683392484
                                        }
                                    }
                                },
                                "workers": {
                                    "total": 24.332567437784746,
                                    "count": 1507499,
                                    "self": 0.0,
                                    "children": {
                                        "worker_root": {
                                            "total": 203088.15557570267,
                                            "count": 1981827,
                                            "is_parallel": true,
                                            "self": 154288.58392837038,
                                            "children": {
                                                "steps_from_proto": {
                                                    "total": 0.0023346999660134315,