{
    "name": "root",
    "gauges": {
        "CRB15000.Policy.Entropy.mean": {
            "value": -1.3428362607955933,
            "min": -1.3444409370422363,
            "max": -1.307247519493103,
            "count": 23
        },
        "CRB15000.Policy.Entropy.sum": {
            "value": -55013.31640625,
            "min": -55029.3125,
            "max": -53505.3828125,
            "count": 23
        },
        "CRB15000.Environment.EpisodeLength.mean": {
            "value": 5.62870085746643,
            "min": 5.62870085746643,
            "max": 6.862049117421336,
            "count": 23
        },
        "CRB15000.Environment.EpisodeLength.sum": {
            "value": 34791.0,
            "min": 34791.0,
            "max": 35765.0,
            "count": 23
        },
        "CRB15000.Step.mean": {
            "value": 942071.0,
            "min": 40955.0,
            "max": 942071.0,
            "count": 23
        },
        "CRB15000.Step.sum": {
            "value": 942071.0,
            "min": 40955.0,
            "max": 942071.0,
            "count": 23
        },
        "CRB15000.Policy.ExtrinsicValueEstimate.mean": {
            "value": 0.5834150314331055,
            "min": 0.5692756175994873,
            "max": 0.8167788982391357,
            "count": 23
        },
        "CRB15000.Policy.ExtrinsicValueEstimate.sum": {
            "value": 3606.08837890625,
            "min": 3012.66064453125,
            "max": 4683.41015625,
            "count": 23
        },
        "CRB15000.Environment.CumulativeReward.mean": {
            "value": 0.5372401968457131,
            "min": 0.525739244186442,
            "max": 0.5372401968457131,
            "count": 23
        },
        "CRB15000.Environment.CumulativeReward.sum": {
            "value": 3320.681656703353,
            "min": 2758.476665556431,
            "max": 3320.681656703353,
            "count": 23
        },
        "CRB15000.Policy.ExtrinsicReward.mean": {
            "value": 0.5372401968457131,
            "min": 0.525739244186442,
            "max": 0.5372401968457131,
            "count": 23
        },
        "CRB15000.Policy.ExtrinsicReward.sum": {
            "value": 3320.681656703353,
            "min": 2758.476665556431,
            "max": 3320.681656703353,
            "count": 23
        },
        "CRB15000.IsTraining.mean": {
            "value": 1.0,
            "min": 1.0,
            "max": 1.0,
            "count": 23
        },
        "CRB15000.IsTraining.sum": {
            "value": 1.0,
            "min": 1.0,
            "max": 1.0,
            "count": 23
        },
        "CRB15000.Losses.PolicyLoss.mean": {
            "value": 0.012299589151371037,
            "min": 0.010290973519659019,
            "max": 0.033643039004346065,
            "count": 22
        },
        "CRB15000.Losses.PolicyLoss.sum": {
            "value": 0.012299589151371037,
            "min": 0.010290973519659019,
            "max": 0.033643039004346065,
            "count": 22
        },
        "CRB15000.Losses.ValueLoss.mean": {
            "value": 0.0036216804204741494,
            "min": 0.0036216804204741494,
            "max": 0.013056109228637069,
            "count": 22
        },
        "CRB15000.Losses.ValueLoss.sum": {
            "value": 0.0036216804204741494,
            "min": 0.0036216804204741494,
            "max": 0.013056109228637069,
            "count": 22
        },
        "CRB15000.Policy.LearningRate.mean": {
            "value": 0.0002459168580277199,
            "min": 0.0002459168580277199,
            "max": 0.0002975421608192799,
            "count": 22
        },
        "CRB15000.Policy.LearningRate.sum": {
            "value": 0.0002459168580277199,
            "min": 0.0002459168580277199,
            "max": 0.0002975421608192799,
            "count": 22
        },
        "CRB15000.Policy.Epsilon.mean": {
            "value": 0.18197228000000004,
            "min": 0.18197228000000004,
            "max": 0.19918072,
            "count": 22
        },
        "CRB15000.Policy.Epsilon.sum": {
            "value": 0.18197228000000004,
            "min": 0.18197228000000004,
            "max": 0.19918072,
            "count": 22
        },
        "CRB15000.Policy.Beta.mean": {
            "value": 0.004100416772,
            "min": 0.004100416772,
            "max": 0.004959117928000001,
            "count": 22
        },
        "CRB15000.Policy.Beta.sum": {
            "value": 0.004100416772,
            "min": 0.004100416772,
            "max": 0.004959117928000001,
            "count": 22
        }
    },
    "metadata": {
        "timer_format_version": "0.1.0",
        "start_time_seconds": "1719643298",
        "python_version": "3.10.12 | packaged by Anaconda, Inc. | (main, Jul  5 2023, 19:01:18) [MSC v.1916 64 bit (AMD64)]",
        "command_line_arguments": "C:\\Users\\18125\\anaconda3\\envs\\mlagents\\Scripts\\mlagents-learn ./config/HighBatch.yaml --run-id rqy2 --env=./Builds/rqy2/ABB-RL --num-envs=8 --initialize-from rqy",
        "mlagents_version": "1.0.0",
        "mlagents_envs_version": "1.0.0",
        "communication_protocol_version": "1.5.0",
        "pytorch_version": "2.3.0+cpu",
        "numpy_version": "1.22.4",
        "end_time_seconds": "1719658759"
    },
    "total": 15461.745740099985,
    "count": 1,
    "self": 0.7189168999611866,
    "children": {
        "run_training.setup": {
            "total": 0.37901180001790635,
            "count": 1,
            "self": 0.37901180001790635
        },
        "TrainerController.start_learning": {
            "total": 15460.647811400006,
            "count": 1,
            "self": 17.418552192073548,
            "children": {
                "TrainerController._reset_env": {
                    "total": 7.623462499992456,
                    "count": 1,
                    "self": 7.623462499992456
                },
                "TrainerController.advance": {
                    "total": 15435.55350210797,
                    "count": 1057526,
                    "self": 14.876387234719004,
                    "children": {
                        "env_step": {
                            "total": 14794.542076175334,
                            "count": 1057526,
                            "self": 14017.861925569625,
                            "children": {
                                "SubprocessEnvManager._take_step": {
                                    "total": 765.6219894959358,
                                    "count": 1074875,
                                    "self": 44.52200548615656,
                                    "children": {
                                        "TorchPolicy.evaluate": {
                                            "total": 721.0999840097793,
                                            "count": 942375,
                                            "self": 721.0999840097793
                                        }
                                    }
                                },
                                "workers": {
                                    "total": 11.05816110977321,
                                    "count": 1057526,
                                    "self": 0.0,
                                    "children": {
                                        "worker_root": {
                                            "total": 123514.89565618164,
                                            "count": 1074868,
                                            "is_parallel": true,
                                            "self": 4935.479893668904,
                                            "children": {
                                                "steps_from_proto": {
                                                    "total": 0.001682900037849322,
                                                    "count": 8,