{"count":1,"self":2.7499599999999997,"total":2.8151425999999997,"children":{"InitializeActuators":{"count":1,"self":0.0015072999999999998,"total":0.0015072999999999998,"children":null},"InitializeSensors":{"count":1,"self":0.0010004999999999999,"total":0.0010004999999999999,"children":null},"AgentSendState":{"count":421,"self":0.0027167999999999997,"total":0.0087469,"children":{"CollectObservations":{"count":22,"self":0.0025115,"total":0.0025115,"children":null},"WriteActionMask":{"count":22,"self":0,"total":0,"children":null},"RequestDecision":{"count":22,"self":0.0005073,"total":0.0035185999999999998,"children":{"AgentInfo.ToProto":{"count":22,"self":0.0005063,"total":0.0030112999999999997,"children":{"GenerateSensorData":{"count":22,"self":0.002505,"total":0.002505,"children":null}}}}}}},"DecideAction":{"count":421,"self":0.0469077,"total":0.0469077,"children":null},"AgentAct":{"count":421,"self":0.0060196999999999994,"total":0.0060196999999999994,"children":{"AgentInfo.ToProto":{"count":4,"self":0,"total":0,"children":{"GenerateSensorData":{"count":4,"self":0,"total":0,"children":null}}}}}},"gauges":{"CRB15000.CumulativeReward":{"count":4,"max":-8.7589,"min":-11.5674572,"runningAverage":-10.4542618,"value":-8.7589,"weightedAverage":-10.319994}},"metadata":{"timer_format_version":"0.1.0","start_time_seconds":"1714892992","unity_version":"2023.2.19f1","command_line_arguments":"C:\/Users\/18125\/CRB15000-RL\/TrainBuild\/ABB-RL.exe --mlagents-port 5005","communication_protocol_version":"1.5.0","com.unity.ml-agents_version":"2.0.1","scene_name":"CRB15000Train","end_time_seconds":"1714892995"}}