{
    "name": "root",
    "gauges": {
        "CRB15000.Policy.Entropy.mean": {
            "value": -0.7222768068313599,
            "min": -0.7222768068313599,
            "max": -0.5883625745773315,
            "count": 75
        },
        "CRB15000.Policy.Entropy.sum": {
            "value": -7482.78759765625,
            "min": -7482.78759765625,
            "max": -5327.03466796875,
            "count": 75
        },
        "CRB15000.Environment.EpisodeLength.mean": {
            "value": 25.251928020565554,
            "min": 20.3625,
            "max": 26.1984126984127,
            "count": 75
        },
        "CRB15000.Environment.EpisodeLength.sum": {
            "value": 9823.0,
            "min": 8566.0,
            "max": 9903.0,
            "count": 75
        },
        "CRB15000.Step.mean": {
            "value": 3461116.0,
            "min": 2703339.0,
            "max": 3461116.0,
            "count": 75
        },
        "CRB15000.Step.sum": {
            "value": 3461116.0,
            "min": 2703339.0,
            "max": 3461116.0,
            "count": 75
        },
        "CRB15000.Policy.ExtrinsicValueEstimate.mean": {
            "value": -0.7902224659919739,
            "min": -0.8522908687591553,
            "max": -0.7798821330070496,
            "count": 75
        },
        "CRB15000.Policy.ExtrinsicValueEstimate.sum": {
            "value": -307.39654541015625,
            "min": -394.6548156738281,
            "max": -297.75482177734375,
            "count": 75
        },
        "CRB15000.Environment.CumulativeReward.mean": {
            "value": -0.5423884010253651,
            "min": -0.7072503089088283,
            "max": -0.5173498176006012,
            "count": 75
        },
        "CRB15000.Environment.CumulativeReward.sum": {
            "value": -210.98908799886703,
            "min": -321.1293106377125,
            "max": -210.98908799886703,
            "count": 75
        },
        "CRB15000.Policy.ExtrinsicReward.mean": {
            "value": -0.5423884010253651,
            "min": -0.7072503089088283,
            "max": -0.5173498176006012,
            "count": 75
        },
        "CRB15000.Policy.ExtrinsicReward.sum": {
            "value": -210.98908799886703,
            "min": -321.1293106377125,
            "max": -210.98908799886703,
            "count": 75
        },
        "CRB15000.IsTraining.mean": {
            "value": 1.0,
            "min": 1.0,
            "max": 1.0,
            "count": 75
        },
        "CRB15000.IsTraining.sum": {
            "value": 1.0,
            "min": 1.0,
            "max": 1.0,
            "count": 75
        },
        "CRB15000.Losses.PolicyLoss.mean": {
            "value": 0.016999897036657784,
            "min": 0.013150828340076259,
            "max": 0.020392991524568062,
            "count": 37
        },
        "CRB15000.Losses.PolicyLoss.sum": {
            "value": 0.016999897036657784,
            "min": 0.013150828340076259,
            "max": 0.020392991524568062,
            "count": 37
        },
        "CRB15000.Losses.ValueLoss.mean": {
            "value": 0.03442552392370999,
            "min": 0.03010046505369246,
            "max": 0.038632565457373855,
            "count": 37
        },
        "CRB15000.Losses.ValueLoss.sum": {
            "value": 0.03442552392370999,
            "min": 0.03010046505369246,
            "max": 0.038632565457373855,
            "count": 37
        },
        "CRB15000.Policy.LearningRate.mean": {
            "value": 9.283812905397998e-05,
            "min": 9.283812905397998e-05,
            "max": 0.00013710635429789998,
            "count": 37
        },
        "CRB15000.Policy.LearningRate.sum": {
            "value": 9.283812905397998e-05,
            "min": 9.283812905397998e-05,
            "max": 0.00013710635429789998,
            "count": 37
        },
        "CRB15000.Policy.Epsilon.mean": {
            "value": 0.13094602000000002,
            "min": 0.13094602000000002,
            "max": 0.14570210000000003,
            "count": 37
        },
        "CRB15000.Policy.Epsilon.sum": {
            "value": 0.13094602000000002,
            "min": 0.13094602000000002,
            "max": 0.14570210000000003,
            "count": 37
        },
        "CRB15000.Policy.Beta.mean": {
            "value": 0.001554206398,
            "min": 0.001554206398,
            "max": 0.00229053479,
            "count": 37
        },
        "CRB15000.Policy.Beta.sum": {
            "value": 0.001554206398,
            "min": 0.001554206398,
            "max": 0.00229053479,
            "count": 37
        }
    },
    "metadata": {
        "timer_format_version": "0.1.0",
        "start_time_seconds": "1718683614",
        "python_version": "3.10.12 | packaged by Anaconda, Inc. | (main, Jul  5 2023, 19:01:18) [MSC v.1916 64 bit (AMD64)]",
        "command_line_arguments": "C:\\Users\\18125\\anaconda3\\envs\\mlagents\\Scripts\\mlagents-learn ./config/High.yaml --run-id rq3 --env=./Builds/rq3/ABB-RL --num-envs=8 --resume",
        "mlagents_version": "1.0.0",
        "mlagents_envs_version": "1.0.0",
        "communication_protocol_version": "1.5.0",
        "pytorch_version": "2.3.0+cpu",
        "numpy_version": "1.22.4",
        "end_time_seconds": "1718694281"
    },
    "total": 10667.725141099974,
    "count": 1,
    "self": 5.525639100000262,
    "children": {
        "run_training.setup": {
            "total": 0.3739929999865126,
            "count": 1,
            "self": 0.3739929999865126
        },
        "TrainerController.start_learning": {
            "total": 10661.825508999988,
            "count": 1,
            "self": 9.239602396672126,
            "children": {
                "TrainerController._reset_env": {
                    "total": 8.490961200004676,
                    "count": 1,
                    "self": 8.490961200004676
                },
                "TrainerController.advance": {
                    "total": 10644.033656003303,
                    "count": 799314,
                    "self": 8.190487691608723,
                    "children": {
                        "env_step": {
                            "total": 10313.155407217768,
                            "count": 799314,
                            "self": 9837.185641448537,
                            "children": {
                                "SubprocessEnvManager._take_step": {
                                    "total": 469.62027148748166,
                                    "count": 805960,
                                    "self": 26.59303618251579,
                                    "children": {
                                        "TorchPolicy.evaluate": {
                                            "total": 443.02723530496587,
                                            "count": 774545,
                                            "self": 443.02723530496587
                                        }
                                    }
                                },
                                "workers": {
                                    "total": 6.349494281748775,
                                    "count": 799313,
                                    "self": 0.0,
                                    "children": {
                                        "worker_root": {
                                            "total": 85217.59808418006,
                                            "count": 805952,
                                            "is_parallel": true,
                                            "self": 3018.855937298009,
                                            "children": {
                                                "steps_from_proto": {
                                                    "total": 0.0020403000235091895,
                                                    "count": 8,