{
    "name": "root",
    "gauges": {
        "CRB15000.Policy.Entropy.mean": {
            "value": 0.9212052822113037,
            "min": 0.9212052822113037,
            "max": 1.3804012537002563,
            "count": 39
        },
        "CRB15000.Policy.Entropy.sum": {
            "value": 37750.9921875,
            "min": 37750.9921875,
            "max": 56082.390625,
            "count": 39
        },
        "CRB15000.Environment.EpisodeLength.mean": {
            "value": 40.509625126646405,
            "min": 1.8769633507853403,
            "max": 42.1390937829294,
            "count": 39
        },
        "CRB15000.Environment.EpisodeLength.sum": {
            "value": 39983.0,
            "min": 20076.0,
            "max": 39996.0,
            "count": 39
        },
        "CRB15000.Step.mean": {
            "value": 1761249.0,
            "min": 204799.0,
            "max": 1761249.0,
            "count": 39
        },
        "CRB15000.Step.sum": {
            "value": 1761249.0,
            "min": 204799.0,
            "max": 1761249.0,
            "count": 39
        },
        "CRB15000.Policy.ExtrinsicValueEstimate.mean": {
            "value": -0.5905313491821289,
            "min": -0.9289734363555908,
            "max": -0.5905313491821289,
            "count": 39
        },
        "CRB15000.Policy.ExtrinsicValueEstimate.sum": {
            "value": -582.8544311523438,
            "min": -11602.765625,
            "max": -582.8544311523438,
            "count": 39
        },
        "CRB15000.Environment.CumulativeReward.mean": {
            "value": -0.15775834606052683,
            "min": -0.9164993792131383,
            "max": -0.09343076493636213,
            "count": 39
        },
        "CRB15000.Environment.CumulativeReward.sum": {
            "value": -155.70748756173998,
            "min": -11454.653885990381,
            "max": -88.66579592460766,
            "count": 39
        },
        "CRB15000.Policy.ExtrinsicReward.mean": {
            "value": -0.15775834606052683,
            "min": -0.9164993792131383,
            "max": -0.09343076493636213,
            "count": 39
        },
        "CRB15000.Policy.ExtrinsicReward.sum": {
            "value": -155.70748756173998,
            "min": -11454.653885990381,
            "max": -88.66579592460766,
            "count": 39
        },
        "CRB15000.IsTraining.mean": {
            "value": 1.0,
            "min": 1.0,
            "max": 1.0,
            "count": 39
        },
        "CRB15000.IsTraining.sum": {
            "value": 1.0,
            "min": 1.0,
            "max": 1.0,
            "count": 39
        },
        "CRB15000.Losses.PolicyLoss.mean": {
            "value": 0.013333661747674341,
            "min": 0.01015348751870988,
            "max": 0.013951566372998058,
            "count": 38
        },
        "CRB15000.Losses.PolicyLoss.sum": {
            "value": 0.013333661747674341,
            "min": 0.01015348751870988,
            "max": 0.013951566372998058,
            "count": 38
        },
        "CRB15000.Losses.ValueLoss.mean": {
            "value": 0.01786454066168517,
            "min": 0.013487493176944554,
            "max": 0.03133646596688777,
            "count": 38
        },
        "CRB15000.Losses.ValueLoss.sum": {
            "value": 0.01786454066168517,
            "min": 0.013487493176944554,
            "max": 0.03133646596688777,
            "count": 38
        },
        "CRB15000.Policy.LearningRate.mean": {
            "value": 0.0002480614673128499,
            "min": 0.0002480614673128499,
            "max": 0.00029355024214991997,
            "count": 38
        },
        "CRB15000.Policy.LearningRate.sum": {
            "value": 0.0002480614673128499,
            "min": 0.0002480614673128499,
            "max": 0.00029355024214991997,
            "count": 38
        },
        "CRB15000.Policy.Epsilon.mean": {
            "value": 0.18268715000000002,
            "min": 0.18268715000000002,
            "max": 0.19785008,
            "count": 38
        },
        "CRB15000.Policy.Epsilon.sum": {
            "value": 0.18268715000000002,
            "min": 0.18268715000000002,
            "max": 0.19785008,
            "count": 38
        },
        "CRB15000.Policy.Beta.mean": {
            "value": 0.0041360887849999995,
            "min": 0.0041360887849999995,
            "max": 0.004892718992,
            "count": 38
        },
        "CRB15000.Policy.Beta.sum": {
            "value": 0.0041360887849999995,
            "min": 0.0041360887849999995,
            "max": 0.004892718992,
            "count": 38
        }
    },
    "metadata": {
        "timer_format_version": "0.1.0",
        "start_time_seconds": "1719997304",
        "python_version": "3.10.12 | packaged by Anaconda, Inc. | (main, Jul  5 2023, 19:01:18) [MSC v.1916 64 bit (AMD64)]",
        "command_line_arguments": "C:\\Users\\18125\\anaconda3\\envs\\mlagents\\Scripts\\mlagents-learn ./config/HighBatch.yaml --run-id new --env=./Builds/new/ABB-RL --num-envs=8 --resume",
        "mlagents_version": "1.0.0",
        "mlagents_envs_version": "1.0.0",
        "communication_protocol_version": "1.5.0",
        "pytorch_version": "2.3.0+cpu",
        "numpy_version": "1.22.4",
        "end_time_seconds": "1720036118"
    },
    "total": 38813.907477500004,
    "count": 1,
    "self": 4.79156030001468,
    "children": {
        "run_training.setup": {
            "total": 0.3674884999927599,
            "count": 1,
            "self": 0.3674884999927599
        },
        "TrainerController.start_learning": {
            "total": 38808.7484287,
            "count": 1,
            "self": 21.326763903460233,
            "children": {
                "TrainerController._reset_env": {
                    "total": 3.3428189999831375,
                    "count": 1,
                    "self": 3.3428189999831375
                },
                "TrainerController.advance": {
                    "total": 38784.03689609657,
                    "count": 1691892,
                    "self": 18.216775369714014,
                    "children": {
                        "env_step": {
                            "total": 38034.88055740966,
                            "count": 1691892,
                            "self": 36863.93892702393,
                            "children": {
                                "SubprocessEnvManager._take_step": {
                                    "total": 1157.0259328866669,
                                    "count": 1697935,
                                    "self": 58.83126778592123,
                                    "children": {
                                        "TorchPolicy.evaluate": {
                                            "total": 1098.1946651007456,
                                            "count": 1606305,
                                            "self": 1098.1946651007456
                                        }
                                    }
                                },
                                "workers": {
                                    "total": 13.915697499061935,
                                    "count": 1691891,
                                    "self": 0.0,
                                    "children": {
                                        "worker_root": {
                                            "total": 310416.8703301692,
                                            "count": 1697927,
                                            "is_parallel": true,
                                            "self": 6608.020710278477,
                                            "children": {
                                                "steps_from_proto": {
                                                    "total": 0.0015996000147424638,
                                                    "count": 8,