{"count":1,"self":295.60427519999996,"total":560.7790063,"children":{"InitializeActuators":{"count":1,"self":0.0010012999999999999,"total":0.0010012999999999999,"children":null},"InitializeSensors":{"count":1,"self":0.0005034,"total":0.0005034,"children":null},"AgentSendState":{"count":99788,"self":0.1622317,"total":0.3019401,"children":{"CollectObservations":{"count":5180,"self":0.0667868,"total":0.0667868,"children":null},"WriteActionMask":{"count":5180,"self":0.0020932999999999998,"total":0.0020932999999999998,"children":null},"RequestDecision":{"count":5180,"self":0.0084923,"total":0.0708283,"children":{"AgentInfo.ToProto":{"count":5180,"self":0.019884699999999998,"total":0.062335999999999996,"children":{"GenerateSensorData":{"count":5180,"self":0.0424513,"total":0.0424513,"children":null}}}}}}},"DecideAction":{"count":99788,"self":264.631424,"total":264.63141459999997,"children":null},"AgentAct":{"count":99788,"self":0.23737319999999998,"total":0.23737319999999998,"children":{"AgentInfo.ToProto":{"count":100,"self":0,"total":0,"children":{"GenerateSensorData":{"count":100,"self":0,"total":0,"children":null}}}}}},"gauges":{"CRB15000.CumulativeReward":{"count":100,"max":-30.3093262,"min":-194.0356,"runningAverage":-91.13377,"value":-62.81133,"weightedAverage":-89.76042}},"metadata":{"timer_format_version":"0.1.0","start_time_seconds":"1715019359","unity_version":"2023.2.19f1","command_line_arguments":"C:\/Users\/18125\/CRB15000-RL\/TrainBuildLow\/ABB-RL.exe -nographics -batchmode --mlagents-port 5005","communication_protocol_version":"1.5.0","com.unity.ml-agents_version":"2.0.1","scene_name":"CRB15000TrainLow","end_time_seconds":"1715019919"}}