{"count":1,"self":2162.533376,"total":2293.6247547,"children":{"InitializeActuators":{"count":1,"self":0,"total":0,"children":null},"InitializeSensors":{"count":1,"self":0.0005096,"total":0.0005096,"children":null},"AgentSendState":{"count":749578,"self":1.1017702999999999,"total":2.0868103,"children":{"CollectObservations":{"count":38193,"self":0.53373019999999993,"total":0.53373019999999993,"children":null},"WriteActionMask":{"count":38193,"self":0.0261356,"total":0.0261356,"children":null},"RequestDecision":{"count":38193,"self":0.0511654,"total":0.4251742,"children":{"AgentInfo.ToProto":{"count":38193,"self":0.1327003,"total":0.3740088,"children":{"GenerateSensorData":{"count":38193,"self":0.24130849999999998,"total":0.24130849999999998,"children":null}}}}}}},"DecideAction":{"count":749578,"self":127.25815039999999,"total":127.2581543,"children":null},"AgentAct":{"count":749578,"self":1.7373292,"total":1.7433668999999998,"children":{"AgentInfo.ToProto":{"count":754,"self":0.0020268,"total":0.0060377,"children":{"GenerateSensorData":{"count":754,"self":0.0040108999999999995,"total":0.0040108999999999995,"children":null}}}}}},"gauges":{"CRB15000.CumulativeReward":{"count":754,"max":13.7968884,"min":-264.1473,"runningAverage":-63.2955437,"value":-40.408165,"weightedAverage":-40.9183}},"metadata":{"timer_format_version":"0.1.0","start_time_seconds":"1714975784","unity_version":"2023.2.19f1","command_line_arguments":"C:\/Users\/18125\/CRB15000-RL\/TrainBuildLow\/ABB-RL.exe -nographics -batchmode --mlagents-port 5005","communication_protocol_version":"1.5.0","com.unity.ml-agents_version":"2.0.1","scene_name":"CRB15000TrainLow","end_time_seconds":"1714978077"}}