{
    "name": "root",
    "gauges": {
        "CRB15000.Policy.Entropy.mean": {
            "value": -1.32430100440979,
            "min": -1.32430100440979,
            "max": -1.2059504985809326,
            "count": 86
        },
        "CRB15000.Policy.Entropy.sum": {
            "value": -54309.58203125,
            "min": -54310.40234375,
            "max": -47088.75,
            "count": 86
        },
        "CRB15000.Environment.EpisodeLength.mean": {
            "value": 6.0627910988442295,
            "min": 5.958545701664968,
            "max": 9.651326053042121,
            "count": 86
        },
        "CRB15000.Environment.EpisodeLength.sum": {
            "value": 35146.0,
            "min": 35072.0,
            "max": 37119.0,
            "count": 86
        },
        "CRB15000.Step.mean": {
            "value": 4997119.0,
            "min": 1515517.0,
            "max": 4997119.0,
            "count": 86
        },
        "CRB15000.Step.sum": {
            "value": 4997119.0,
            "min": 1515517.0,
            "max": 4997119.0,
            "count": 86
        },
        "CRB15000.Policy.ExtrinsicValueEstimate.mean": {
            "value": 0.816795289516449,
            "min": 0.7480122447013855,
            "max": 0.8180767893791199,
            "count": 86
        },
        "CRB15000.Policy.ExtrinsicValueEstimate.sum": {
            "value": 4734.96240234375,
            "min": 2820.754150390625,
            "max": 4781.15234375,
            "count": 86
        },
        "CRB15000.Environment.CumulativeReward.mean": {
            "value": 0.7840160198261641,
            "min": 0.7511529744034957,
            "max": 0.7860759681123143,
            "count": 86
        },
        "CRB15000.Environment.CumulativeReward.sum": {
            "value": 4544.940866932273,
            "min": 2832.597866475582,
            "max": 4623.64161491394,
            "count": 86
        },
        "CRB15000.Policy.ExtrinsicReward.mean": {
            "value": 0.7840160198261641,
            "min": 0.7511529744034957,
            "max": 0.7860759681123143,
            "count": 86
        },
        "CRB15000.Policy.ExtrinsicReward.sum": {
            "value": 4544.940866932273,
            "min": 2832.597866475582,
            "max": 4623.64161491394,
            "count": 86
        },
        "CRB15000.IsTraining.mean": {
            "value": 1.0,
            "min": 1.0,
            "max": 1.0,
            "count": 86
        },
        "CRB15000.IsTraining.sum": {
            "value": 1.0,
            "min": 1.0,
            "max": 1.0,
            "count": 86
        },
        "CRB15000.Losses.PolicyLoss.mean": {
            "value": 0.010457476049941761,
            "min": 0.008787697701063735,
            "max": 0.01427807749787462,
            "count": 85
        },
        "CRB15000.Losses.PolicyLoss.sum": {
            "value": 0.010457476049941761,
            "min": 0.008787697701063735,
            "max": 0.01427807749787462,
            "count": 85
        },
        "CRB15000.Losses.ValueLoss.mean": {
            "value": 0.007291389611782506,
            "min": 0.006748277705628425,
            "max": 0.02884174627251923,
            "count": 85
        },
        "CRB15000.Losses.ValueLoss.sum": {
            "value": 0.007291389611782506,
            "min": 0.006748277705628425,
            "max": 0.02884174627251923,
            "count": 85
        },
        "CRB15000.Policy.LearningRate.mean": {
            "value": 2.4566791811399966e-06,
            "min": 2.4566791811399966e-06,
            "max": 0.00020895069034978006,
            "count": 85
        },
        "CRB15000.Policy.LearningRate.sum": {
            "value": 2.4566791811399966e-06,
            "min": 2.4566791811399966e-06,
            "max": 0.00020895069034978006,
            "count": 85
        },
        "CRB15000.Policy.Epsilon.mean": {
            "value": 0.10081885999999998,
            "min": 0.10081885999999998,
            "max": 0.16965022000000005,
            "count": 85
        },
        "CRB15000.Policy.Epsilon.sum": {
            "value": 0.10081885999999998,
            "min": 0.10081885999999998,
            "max": 0.16965022000000005,
            "count": 85
        },
        "CRB15000.Policy.Beta.mean": {
            "value": 5.0861113999999964e-05,
            "min": 5.0861113999999964e-05,
            "max": 0.003485545978000001,
            "count": 85
        },
        "CRB15000.Policy.Beta.sum": {
            "value": 5.0861113999999964e-05,
            "min": 5.0861113999999964e-05,
            "max": 0.003485545978000001,
            "count": 85
        }
    },
    "metadata": {
        "timer_format_version": "0.1.0",
        "start_time_seconds": "1719563247",
        "python_version": "3.10.12 | packaged by Anaconda, Inc. | (main, Jul  5 2023, 19:01:18) [MSC v.1916 64 bit (AMD64)]",
        "command_line_arguments": "C:\\Users\\18125\\anaconda3\\envs\\mlagents\\Scripts\\mlagents-learn ./config/HighBatch.yaml --run-id rqy --env=./Builds/rqy/ABB-RL --num-envs=8 --resume",
        "mlagents_version": "1.0.0",
        "mlagents_envs_version": "1.0.0",
        "communication_protocol_version": "1.5.0",
        "pytorch_version": "2.3.0+cpu",
        "numpy_version": "1.22.4",
        "end_time_seconds": "1719607045"
    },
    "total": 43797.74962410002,
    "count": 1,
    "self": 0.8336421000421979,
    "children": {
        "run_training.setup": {
            "total": 0.38611569997738115,
            "count": 1,
            "self": 0.38611569997738115
        },
        "TrainerController.start_learning": {
            "total": 43796.5298663,
            "count": 1,
            "self": 44.20987961569335,
            "children": {
                "TrainerController._reset_env": {
                    "total": 7.493175000010524,
                    "count": 1,
                    "self": 7.493175000010524
                },
                "TrainerController.advance": {
                    "total": 43744.771430984285,
                    "count": 3908108,
                    "self": 38.00929323100718,
                    "children": {
                        "env_step": {
                            "total": 41935.13861950257,
                            "count": 3908108,
                            "self": 39850.294370273274,
                            "children": {
                                "SubprocessEnvManager._take_step": {
                                    "total": 2054.9921379268635,
                                    "count": 3951127,
                                    "self": 119.01663672563154,
                                    "children": {
                                        "TorchPolicy.evaluate": {
                                            "total": 1935.975501201232,
                                            "count": 3523502,
                                            "self": 1935.975501201232
                                        }
                                    }
                                },
                                "workers": {
                                    "total": 29.852111302432604,
                                    "count": 3908108,
                                    "self": 0.0,
                                    "children": {
                                        "worker_root": {
                                            "total": 350246.1934042253,
                                            "count": 3951120,
                                            "is_parallel": true,
                                            "self": 14267.120086183422,
                                            "children": {
                                                "steps_from_proto": {
                                                    "total": 0.0016082999936770648,
                                                    "count": 8,