{
    "name": "root",
    "gauges": {
        "CRB15000.Policy.Entropy.mean": {
            "value": -1.4088361263275146,
            "min": -1.4088361263275146,
            "max": -1.4028947353363037,
            "count": 33
        },
        "CRB15000.Policy.Entropy.sum": {
            "value": -57739.7421875,
            "min": -57829.2890625,
            "max": -48819.3359375,
            "count": 33
        },
        "CRB15000.Environment.EpisodeLength.mean": {
            "value": 48.98780487804878,
            "min": 48.98168498168498,
            "max": 49.0,
            "count": 33
        },
        "CRB15000.Environment.EpisodeLength.sum": {
            "value": 40170.0,
            "min": 33949.0,
            "max": 40180.0,
            "count": 33
        },
        "CRB15000.Step.mean": {
            "value": 29982715.0,
            "min": 28671991.0,
            "max": 29982715.0,
            "count": 33
        },
        "CRB15000.Step.sum": {
            "value": 29982715.0,
            "min": 28671991.0,
            "max": 29982715.0,
            "count": 33
        },
        "CRB15000.Policy.ExtrinsicValueEstimate.mean": {
            "value": 6.125081539154053,
            "min": 5.8166608810424805,
            "max": 6.125081539154053,
            "count": 33
        },
        "CRB15000.Policy.ExtrinsicValueEstimate.sum": {
            "value": 5022.56689453125,
            "min": 4075.62158203125,
            "max": 5022.56689453125,
            "count": 33
        },
        "CRB15000.Environment.CumulativeReward.mean": {
            "value": 2.494553969487003,
            "min": 2.2890473193874508,
            "max": 2.602015735783645,
            "count": 33
        },
        "CRB15000.Environment.CumulativeReward.sum": {
            "value": 2045.5342549793422,
            "min": 1775.9522292120382,
            "max": 2131.050887606805,
            "count": 33
        },
        "CRB15000.Policy.ExtrinsicReward.mean": {
            "value": 2.494553969487003,
            "min": 2.2890473193874508,
            "max": 2.602015735783645,
            "count": 33
        },
        "CRB15000.Policy.ExtrinsicReward.sum": {
            "value": 2045.5342549793422,
            "min": 1775.9522292120382,
            "max": 2131.050887606805,
            "count": 33
        },
        "CRB15000.IsTraining.mean": {
            "value": 1.0,
            "min": 1.0,
            "max": 1.0,
            "count": 33
        },
        "CRB15000.IsTraining.sum": {
            "value": 1.0,
            "min": 1.0,
            "max": 1.0,
            "count": 33
        },
        "CRB15000.Losses.PolicyLoss.mean": {
            "value": 0.011756493322627648,
            "min": 0.00943675425287438,
            "max": 0.014195897143508773,
            "count": 32
        },
        "CRB15000.Losses.PolicyLoss.sum": {
            "value": 0.011756493322627648,
            "min": 0.00943675425287438,
            "max": 0.014195897143508773,
            "count": 32
        },
        "CRB15000.Losses.ValueLoss.mean": {
            "value": 0.3226263293996453,
            "min": 0.11565509708598257,
            "max": 0.3226263293996453,
            "count": 32
        },
        "CRB15000.Losses.ValueLoss.sum": {
            "value": 0.3226263293996453,
            "min": 0.11565509708598257,
            "max": 0.3226263293996453,
            "count": 32
        },
        "CRB15000.Policy.LearningRate.mean": {
            "value": 5.068498310833225e-07,
            "min": 5.068498310833225e-07,
            "max": 1.3216185594636671e-05,
            "count": 32
        },
        "CRB15000.Policy.LearningRate.sum": {
            "value": 5.068498310833225e-07,
            "min": 5.068498310833225e-07,
            "max": 1.3216185594636671e-05,
            "count": 32
        },
        "CRB15000.Policy.Epsilon.mean": {
            "value": 0.10016891666666664,
            "min": 0.10016891666666664,
            "max": 0.1044053633333333,
            "count": 32
        },
        "CRB15000.Policy.Epsilon.sum": {
            "value": 0.10016891666666664,
            "min": 0.10016891666666664,
            "max": 0.1044053633333333,
            "count": 32
        },
        "CRB15000.Policy.Beta.mean": {
            "value": 1.8428941666666488e-05,
            "min": 1.8428941666666488e-05,
            "max": 0.00022982763033333337,
            "count": 32
        },
        "CRB15000.Policy.Beta.sum": {
            "value": 1.8428941666666488e-05,
            "min": 1.8428941666666488e-05,
            "max": 0.00022982763033333337,
            "count": 32
        }
    },
    "metadata": {
        "timer_format_version": "0.1.0",
        "start_time_seconds": "1723003698",
        "python_version": "3.10.12 | packaged by Anaconda, Inc. | (main, Jul  5 2023, 19:01:18) [MSC v.1916 64 bit (AMD64)]",
        "command_line_arguments": "C:\\Users\\18125\\anaconda3\\envs\\mlagents\\Scripts\\mlagents-learn ./config/HighBatchL.yaml --run-id Hold71 --env=./Builds/Hold71/ABB-RL --num-envs=8 --resume",
        "mlagents_version": "1.0.0",
        "mlagents_envs_version": "1.0.0",
        "communication_protocol_version": "1.5.0",
        "pytorch_version": "2.3.0+cpu",
        "numpy_version": "1.22.4",
        "end_time_seconds": "1723025894"
    },
    "total": 22197.935027900035,
    "count": 1,
    "self": 0.7513902999926358,
    "children": {
        "run_training.setup": {
            "total": 0.4849281000206247,
            "count": 1,
            "self": 0.4849281000206247
        },
        "TrainerController.start_learning": {
            "total": 22196.698709500022,
            "count": 1,
            "self": 20.22618128277827,
            "children": {
                "TrainerController._reset_env": {
                    "total": 8.996626700041816,
                    "count": 1,
                    "self": 8.996626700041816
                },
                "TrainerController.advance": {
                    "total": 22167.429728917195,
                    "count": 1366862,
                    "self": 19.261770464479923,
                    "children": {
                        "env_step": {
                            "total": 21299.194980974426,
                            "count": 1366862,
                            "self": 20225.930412846967,
                            "children": {
                                "SubprocessEnvManager._take_step": {
                                    "total": 1060.2711639954941,
                                    "count": 1379461,
                                    "self": 55.484422510140575,
                                    "children": {
                                        "TorchPolicy.evaluate": {
                                            "total": 1004.7867414853536,
                                            "count": 1362863,
                                            "self": 1004.7867414853536
                                        }
                                    }
                                },
                                "workers": {
                                    "total": 12.99340413196478,
                                    "count": 1366862,
                                    "self": 0.0,
                                    "children": {
                                        "worker_root": {
                                            "total": 177474.64812833245,
                                            "count": 1379454,
                                            "is_parallel": true,
                                            "self": 8054.083936752635,
                                            "children": {
                                                "steps_from_proto": {
                                                    "total": 0.0023715001298114657,
                                                    "count": 8,