{
    "name": "root",
    "gauges": {
        "CRB15000.Policy.Entropy.mean": {
            "value": -1.4027544260025024,
            "min": -1.4027544260025024,
            "max": -1.3352850675582886,
            "count": 86
        },
        "CRB15000.Policy.Entropy.sum": {
            "value": -57486.28125,
            "min": -57486.28125,
            "max": -42435.359375,
            "count": 86
        },
        "CRB15000.Environment.EpisodeLength.mean": {
            "value": 49.0,
            "min": 48.97560975609756,
            "max": 49.0,
            "count": 86
        },
        "CRB15000.Environment.EpisodeLength.sum": {
            "value": 40131.0,
            "min": 30870.0,
            "max": 40180.0,
            "count": 86
        },
        "CRB15000.Step.mean": {
            "value": 28630999.0,
            "min": 25149394.0,
            "max": 28630999.0,
            "count": 86
        },
        "CRB15000.Step.sum": {
            "value": 28630999.0,
            "min": 25149394.0,
            "max": 28630999.0,
            "count": 86
        },
        "CRB15000.Policy.ExtrinsicValueEstimate.mean": {
            "value": 5.889932632446289,
            "min": 3.9998233318328857,
            "max": 5.889932632446289,
            "count": 86
        },
        "CRB15000.Policy.ExtrinsicValueEstimate.sum": {
            "value": 4823.85498046875,
            "min": 2571.611572265625,
            "max": 4823.85498046875,
            "count": 86
        },
        "CRB15000.Environment.CumulativeReward.mean": {
            "value": 2.517894810947768,
            "min": 1.8699950247170616,
            "max": 2.6389313427670555,
            "count": 86
        },
        "CRB15000.Environment.CumulativeReward.sum": {
            "value": 2062.155850166222,
            "min": 1193.6345014567487,
            "max": 2161.2847697262187,
            "count": 86
        },
        "CRB15000.Policy.ExtrinsicReward.mean": {
            "value": 2.517894810947768,
            "min": 1.8699950247170616,
            "max": 2.6389313427670555,
            "count": 86
        },
        "CRB15000.Policy.ExtrinsicReward.sum": {
            "value": 2062.155850166222,
            "min": 1193.6345014567487,
            "max": 2161.2847697262187,
            "count": 86
        },
        "CRB15000.IsTraining.mean": {
            "value": 1.0,
            "min": 1.0,
            "max": 1.0,
            "count": 86
        },
        "CRB15000.IsTraining.sum": {
            "value": 1.0,
            "min": 1.0,
            "max": 1.0,
            "count": 86
        },
        "CRB15000.Losses.PolicyLoss.mean": {
            "value": 0.011269643521427498,
            "min": 0.009090346901211887,
            "max": 0.014400535124514136,
            "count": 85
        },
        "CRB15000.Losses.PolicyLoss.sum": {
            "value": 0.011269643521427498,
            "min": 0.009090346901211887,
            "max": 0.014400535124514136,
            "count": 85
        },
        "CRB15000.Losses.ValueLoss.mean": {
            "value": 0.12876082472503186,
            "min": 0.07346529820933938,
            "max": 0.41219922006130216,
            "count": 85
        },
        "CRB15000.Losses.ValueLoss.sum": {
            "value": 0.12876082472503186,
            "min": 0.07346529820933938,
            "max": 0.41219922006130216,
            "count": 85
        },
        "CRB15000.Policy.LearningRate.mean": {
            "value": 1.3973105342330008e-05,
            "min": 1.3973105342330008e-05,
            "max": 4.841064386314666e-05,
            "count": 85
        },
        "CRB15000.Policy.LearningRate.sum": {
            "value": 1.3973105342330008e-05,
            "min": 1.3973105342330008e-05,
            "max": 4.841064386314666e-05,
            "count": 85
        },
        "CRB15000.Policy.Epsilon.mean": {
            "value": 0.10465767000000001,
            "min": 0.10465767000000001,
            "max": 0.11613685333333335,
            "count": 85
        },
        "CRB15000.Policy.Epsilon.sum": {
            "value": 0.10465767000000001,
            "min": 0.10465767000000001,
            "max": 0.11613685333333335,
            "count": 85
        },
        "CRB15000.Policy.Beta.mean": {
            "value": 0.00024241773300000014,
            "min": 0.00024241773300000014,
            "max": 0.0008152289813333335,
            "count": 85
        },
        "CRB15000.Policy.Beta.sum": {
            "value": 0.00024241773300000014,
            "min": 0.00024241773300000014,
            "max": 0.0008152289813333335,
            "count": 85
        }
    },
    "metadata": {
        "timer_format_version": "0.1.0",
        "start_time_seconds": "1722917212",
        "python_version": "3.10.12 | packaged by Anaconda, Inc. | (main, Jul  5 2023, 19:01:18) [MSC v.1916 64 bit (AMD64)]",
        "command_line_arguments": "C:\\Users\\18125\\anaconda3\\envs\\mlagents\\Scripts\\mlagents-learn ./config/HighBatchL.yaml --run-id Hold71 --env=./Builds/Hold71/ABB-RL --num-envs=8 --resume",
        "mlagents_version": "1.0.0",
        "mlagents_envs_version": "1.0.0",
        "communication_protocol_version": "1.5.0",
        "pytorch_version": "2.3.0+cpu",
        "numpy_version": "1.22.4",
        "end_time_seconds": "1722975115"
    },
    "total": 57904.33201289992,
    "count": 1,
    "self": 4.766186899854802,
    "children": {
        "run_training.setup": {
            "total": 0.49241690000053495,
            "count": 1,
            "self": 0.49241690000053495
        },
        "TrainerController.start_learning": {
            "total": 57899.07340910006,
            "count": 1,
            "self": 56.15225789172109,
            "children": {
                "TrainerController._reset_env": {
                    "total": 8.97858910006471,
                    "count": 1,
                    "self": 8.97858910006471
                },
                "TrainerController.advance": {
                    "total": 57833.900529308245,
                    "count": 3521364,
                    "self": 51.52216247853357,
                    "children": {
                        "env_step": {
                            "total": 55636.331125244265,
                            "count": 3521364,
                            "self": 52832.12203822879,
                            "children": {
                                "SubprocessEnvManager._take_step": {
                                    "total": 2768.0996869017836,
                                    "count": 3554335,
                                    "self": 147.98865497938823,
                                    "children": {
                                        "TorchPolicy.evaluate": {
                                            "total": 2620.1110319223953,
                                            "count": 3519627,
                                            "self": 2620.1110319223953
                                        }
                                    }
                                },
                                "workers": {
                                    "total": 36.1094001136953,
                                    "count": 3521363,
                                    "self": 0.0,
                                    "children": {
                                        "worker_root": {
                                            "total": 463042.1347539525,
                                            "count": 3554327,
                                            "is_parallel": true,
                                            "self": 20492.730381916044,
                                            "children": {
                                                "steps_from_proto": {
                                                    "total": 0.0026096998481079936,
                                                    "count": 8,