{
    "name": "root",
    "gauges": {
        "CRB15000.Policy.Entropy.mean": {
            "value": -1.042975902557373,
            "min": -1.042975902557373,
            "max": -0.9962748289108276,
            "count": 31
        },
        "CRB15000.Policy.Entropy.sum": {
            "value": -42666.05859375,
            "min": -42671.703125,
            "max": -30986.140625,
            "count": 31
        },
        "CRB15000.Environment.EpisodeLength.mean": {
            "value": 48.90012180267966,
            "min": 48.76670716889429,
            "max": 49.0,
            "count": 31
        },
        "CRB15000.Environment.EpisodeLength.sum": {
            "value": 40147.0,
            "min": 30282.0,
            "max": 40180.0,
            "count": 31
        },
        "CRB15000.Step.mean": {
            "value": 7700456.0,
            "min": 6471673.0,
            "max": 7700456.0,
            "count": 31
        },
        "CRB15000.Step.sum": {
            "value": 7700456.0,
            "min": 6471673.0,
            "max": 7700456.0,
            "count": 31
        },
        "CRB15000.Policy.ExtrinsicValueEstimate.mean": {
            "value": 4.838287353515625,
            "min": 4.807175159454346,
            "max": 4.927908897399902,
            "count": 31
        },
        "CRB15000.Policy.ExtrinsicValueEstimate.sum": {
            "value": 3972.23388671875,
            "min": 2983.474609375,
            "max": 4041.552978515625,
            "count": 31
        },
        "CRB15000.Environment.CumulativeReward.mean": {
            "value": 1.5690174499633252,
            "min": 1.521795028080555,
            "max": 1.6166936802289884,
            "count": 31
        },
        "CRB15000.Environment.CumulativeReward.sum": {
            "value": 1288.16332641989,
            "min": 997.5000007012859,
            "max": 1318.4506445433944,
            "count": 31
        },
        "CRB15000.Policy.ExtrinsicReward.mean": {
            "value": 1.5690174499633252,
            "min": 1.521795028080555,
            "max": 1.6166936802289884,
            "count": 31
        },
        "CRB15000.Policy.ExtrinsicReward.sum": {
            "value": 1288.16332641989,
            "min": 997.5000007012859,
            "max": 1318.4506445433944,
            "count": 31
        },
        "CRB15000.IsTraining.mean": {
            "value": 1.0,
            "min": 1.0,
            "max": 1.0,
            "count": 31
        },
        "CRB15000.IsTraining.sum": {
            "value": 1.0,
            "min": 1.0,
            "max": 1.0,
            "count": 31
        },
        "CRB15000.Losses.PolicyLoss.mean": {
            "value": 0.010564468870143173,
            "min": 0.009200049913306429,
            "max": 0.014695925758132944,
            "count": 30
        },
        "CRB15000.Losses.PolicyLoss.sum": {
            "value": 0.010564468870143173,
            "min": 0.009200049913306429,
            "max": 0.014695925758132944,
            "count": 30
        },
        "CRB15000.Losses.ValueLoss.mean": {
            "value": 0.046292449813336134,
            "min": 0.030241605709306896,
            "max": 0.08273173873312771,
            "count": 30
        },
        "CRB15000.Losses.ValueLoss.sum": {
            "value": 0.046292449813336134,
            "min": 0.030241605709306896,
            "max": 0.08273173873312771,
            "count": 30
        },
        "CRB15000.Policy.LearningRate.mean": {
            "value": 6.988843670388e-05,
            "min": 6.988843670388e-05,
            "max": 0.00010554537481823,
            "count": 30
        },
        "CRB15000.Policy.LearningRate.sum": {
            "value": 6.988843670388e-05,
            "min": 6.988843670388e-05,
            "max": 0.00010554537481823,
            "count": 30
        },
        "CRB15000.Policy.Epsilon.mean": {
            "value": 0.12329612000000001,
            "min": 0.12329612000000001,
            "max": 0.13518177,
            "count": 30
        },
        "CRB15000.Policy.Epsilon.sum": {
            "value": 0.12329612000000001,
            "min": 0.12329612000000001,
            "max": 0.13518177,
            "count": 30
        },
        "CRB15000.Policy.Beta.mean": {
            "value": 0.0011724763880000002,
            "min": 0.0011724763880000002,
            "max": 0.0017655703229999997,
            "count": 30
        },
        "CRB15000.Policy.Beta.sum": {
            "value": 0.0011724763880000002,
            "min": 0.0011724763880000002,
            "max": 0.0017655703229999997,
            "count": 30
        }
    },
    "metadata": {
        "timer_format_version": "0.1.0",
        "start_time_seconds": "1720497020",
        "python_version": "3.10.12 | packaged by Anaconda, Inc. | (main, Jul  5 2023, 19:01:18) [MSC v.1916 64 bit (AMD64)]",
        "command_line_arguments": "C:\\Users\\18125\\anaconda3\\envs\\mlagents\\Scripts\\mlagents-learn ./config/HighBatch.yaml --run-id newhold --env=./Builds/newHold/ABB-RL --num-envs=8 --resume",
        "mlagents_version": "1.0.0",
        "mlagents_envs_version": "1.0.0",
        "communication_protocol_version": "1.5.0",
        "pytorch_version": "2.3.0+cpu",
        "numpy_version": "1.22.4",
        "end_time_seconds": "1720524508"
    },
    "total": 27488.553167099948,
    "count": 1,
    "self": 4.769304300076328,
    "children": {
        "run_training.setup": {
            "total": 0.38449679990299046,
            "count": 1,
            "self": 0.38449679990299046
        },
        "TrainerController.start_learning": {
            "total": 27483.39936599997,
            "count": 1,
            "self": 14.077963871415704,
            "children": {
                "TrainerController._reset_env": {
                    "total": 8.549606199958362,
                    "count": 1,
                    "self": 8.549606199958362
                },
                "TrainerController.advance": {
                    "total": 27460.741888528573,
                    "count": 1293433,
                    "self": 13.033976029371843,
                    "children": {
                        "env_step": {
                            "total": 26955.393706262228,
                            "count": 1293433,
                            "self": 26093.251936892164,
                            "children": {
                                "SubprocessEnvManager._take_step": {
                                    "total": 852.0728187535424,
                                    "count": 1298038,
                                    "self": 42.70977434841916,
                                    "children": {
                                        "TorchPolicy.evaluate": {
                                            "total": 809.3630444051232,
                                            "count": 1275656,
                                            "self": 809.3630444051232
                                        }
                                    }
                                },
                                "workers": {
                                    "total": 10.06895061652176,
                                    "count": 1293432,
                                    "self": 0.0,
                                    "children": {
                                        "worker_root": {
                                            "total": 219780.56548142235,
                                            "count": 1298030,
                                            "is_parallel": true,
                                            "self": 4882.662257510587,
                                            "children": {
                                                "steps_from_proto": {
                                                    "total": 0.0017654000548645854,
                                                    "count": 8,