{
    "name": "root",
    "gauges": {
        "CRB15000.Policy.Entropy.mean": {
            "value": 0.7265070676803589,
            "min": 0.7265070676803589,
            "max": 1.1761151552200317,
            "count": 128
        },
        "CRB15000.Policy.Entropy.sum": {
            "value": 7360.2431640625,
            "min": 7360.2431640625,
            "max": 12070.4228515625,
            "count": 128
        },
        "CRB15000.Environment.EpisodeLength.mean": {
            "value": 96.08490566037736,
            "min": 54.34782608695652,
            "max": 98.84466019417475,
            "count": 128
        },
        "CRB15000.Environment.EpisodeLength.sum": {
            "value": 10185.0,
            "min": 8352.0,
            "max": 10216.0,
            "count": 128
        },
        "CRB15000.Step.mean": {
            "value": 1710046.0,
            "min": 409557.0,
            "max": 1710046.0,
            "count": 128
        },
        "CRB15000.Step.sum": {
            "value": 1710046.0,
            "min": 409557.0,
            "max": 1710046.0,
            "count": 128
        },
        "CRB15000.Policy.ExtrinsicValueEstimate.mean": {
            "value": 0.25802457332611084,
            "min": -0.7449497580528259,
            "max": 0.2707894742488861,
            "count": 128
        },
        "CRB15000.Policy.ExtrinsicValueEstimate.sum": {
            "value": 27.350605010986328,
            "min": -137.0707550048828,
            "max": 28.272565841674805,
            "count": 128
        },
        "CRB15000.Environment.CumulativeReward.mean": {
            "value": 0.28568687908491996,
            "min": -0.45126727498743846,
            "max": 0.398592877735212,
            "count": 128
        },
        "CRB15000.Environment.CumulativeReward.sum": {
            "value": 30.28280918300152,
            "min": -83.03317859768867,
            "max": 41.24479987844825,
            "count": 128
        },
        "CRB15000.Policy.ExtrinsicReward.mean": {
            "value": 0.28568687908491996,
            "min": -0.45126727498743846,
            "max": 0.398592877735212,
            "count": 128
        },
        "CRB15000.Policy.ExtrinsicReward.sum": {
            "value": 30.28280918300152,
            "min": -83.03317859768867,
            "max": 41.24479987844825,
            "count": 128
        },
        "CRB15000.IsTraining.mean": {
            "value": 1.0,
            "min": 1.0,
            "max": 1.0,
            "count": 128
        },
        "CRB15000.IsTraining.sum": {
            "value": 1.0,
            "min": 1.0,
            "max": 1.0,
            "count": 128
        },
        "CRB15000.Losses.PolicyLoss.mean": {
            "value": 0.0175605921981969,
            "min": 0.013479208995340742,
            "max": 0.019642883340202387,
            "count": 63
        },
        "CRB15000.Losses.PolicyLoss.sum": {
            "value": 0.0175605921981969,
            "min": 0.013479208995340742,
            "max": 0.019642883340202387,
            "count": 63
        },
        "CRB15000.Losses.ValueLoss.mean": {
            "value": 0.007630350830731913,
            "min": 0.005765940883429721,
            "max": 0.023647198150865734,
            "count": 63
        },
        "CRB15000.Losses.ValueLoss.sum": {
            "value": 0.007630350830731913,
            "min": 0.005765940883429721,
            "max": 0.023647198150865734,
            "count": 63
        },
        "CRB15000.Policy.LearningRate.mean": {
            "value": 0.00019835187388271997,
            "min": 0.00019835187388271997,
            "max": 0.00027470034843321995,
            "count": 63
        },
        "CRB15000.Policy.LearningRate.sum": {
            "value": 0.00019835187388271997,
            "min": 0.00019835187388271997,
            "max": 0.00027470034843321995,
            "count": 63
        },
        "CRB15000.Policy.Epsilon.mean": {
            "value": 0.16611727999999998,
            "min": 0.16611727999999998,
            "max": 0.19156678000000002,
            "count": 63
        },
        "CRB15000.Policy.Epsilon.sum": {
            "value": 0.16611727999999998,
            "min": 0.16611727999999998,
            "max": 0.19156678000000002,
            "count": 63
        },
        "CRB15000.Policy.Beta.mean": {
            "value": 0.003309252272,
            "min": 0.003309252272,
            "max": 0.004579182321999999,
            "count": 63
        },
        "CRB15000.Policy.Beta.sum": {
            "value": 0.003309252272,
            "min": 0.003309252272,
            "max": 0.004579182321999999,
            "count": 63
        }
    },
    "metadata": {
        "timer_format_version": "0.1.0",
        "start_time_seconds": "1718518267",
        "python_version": "3.10.12 | packaged by Anaconda, Inc. | (main, Jul  5 2023, 19:01:18) [MSC v.1916 64 bit (AMD64)]",
        "command_line_arguments": "C:\\Users\\18125\\anaconda3\\envs\\mlagents\\Scripts\\mlagents-learn ./config/High.yaml --run-id rq --env=./Builds/rq/ABB-RL --num-envs=8 --resume",
        "mlagents_version": "1.0.0",
        "mlagents_envs_version": "1.0.0",
        "communication_protocol_version": "1.5.0",
        "pytorch_version": "2.3.0+cpu",
        "numpy_version": "1.22.4",
        "end_time_seconds": "1718553295"
    },
    "total": 35030.808424,
    "count": 1,
    "self": 6.980495099996915,
    "children": {
        "run_training.setup": {
            "total": 0.3731761000090046,
            "count": 1,
            "self": 0.3731761000090046
        },
        "TrainerController.start_learning": {
            "total": 35023.4547528,
            "count": 1,
            "self": 26.08016509648587,
            "children": {
                "TrainerController._reset_env": {
                    "total": 8.34085039999627,
                    "count": 1,
                    "self": 8.34085039999627
                },
                "TrainerController.advance": {
                    "total": 34988.99932040351,
                    "count": 1317219,
                    "self": 23.738888688007137,
                    "children": {
                        "env_step": {
                            "total": 34005.16531320746,
                            "count": 1317219,
                            "self": 32738.65221511142,
                            "children": {
                                "SubprocessEnvManager._take_step": {
                                    "total": 1249.8678964924475,
                                    "count": 1324384,
                                    "self": 67.61642538914748,
                                    "children": {
                                        "TorchPolicy.evaluate": {
                                            "total": 1182.2514711033,
                                            "count": 1312270,
                                            "self": 1182.2514711033
                                        }
                                    }
                                },
                                "workers": {
                                    "total": 16.645201603590976,
                                    "count": 1317218,
                                    "self": 0.0,
                                    "children": {
                                        "worker_root": {
                                            "total": 280092.2115559872,
                                            "count": 1324376,
                                            "is_parallel": true,
                                            "self": 9276.26757920935,
                                            "children": {
                                                "steps_from_proto": {
                                                    "total": 0.0012294000189285725,
                                                    "count": 8,