{
    "name": "root",
    "gauges": {
        "CRB15000.Policy.Entropy.mean": {
            "value": -1.1308622360229492,
            "min": -1.1308622360229492,
            "max": -1.0663268566131592,
            "count": 23
        },
        "CRB15000.Policy.Entropy.sum": {
            "value": -46307.6796875,
            "min": -46307.6796875,
            "max": -20528.923828125,
            "count": 23
        },
        "CRB15000.Environment.EpisodeLength.mean": {
            "value": 9.589862942849754,
            "min": 9.589862942849754,
            "max": 12.329632199861207,
            "count": 23
        },
        "CRB15000.Environment.EpisodeLength.sum": {
            "value": 37084.0,
            "min": 17767.0,
            "max": 37880.0,
            "count": 23
        },
        "CRB15000.Step.mean": {
            "value": 3031037.0,
            "min": 2129916.0,
            "max": 3031037.0,
            "count": 23
        },
        "CRB15000.Step.sum": {
            "value": 3031037.0,
            "min": 2129916.0,
            "max": 3031037.0,
            "count": 23
        },
        "CRB15000.Policy.ExtrinsicValueEstimate.mean": {
            "value": 0.8109549880027771,
            "min": 0.7664836645126343,
            "max": 0.8175345659255981,
            "count": 23
        },
        "CRB15000.Policy.ExtrinsicValueEstimate.sum": {
            "value": 3135.962890625,
            "min": 1103.7364501953125,
            "max": 3135.962890625,
            "count": 23
        },
        "CRB15000.Environment.CumulativeReward.mean": {
            "value": 0.808124227034574,
            "min": 0.7777864903144471,
            "max": 0.808124227034574,
            "count": 23
        },
        "CRB15000.Environment.CumulativeReward.sum": {
            "value": 3125.0163859426975,
            "min": 1124.715031787753,
            "max": 3125.0163859426975,
            "count": 23
        },
        "CRB15000.Policy.ExtrinsicReward.mean": {
            "value": 0.808124227034574,
            "min": 0.7777864903144471,
            "max": 0.808124227034574,
            "count": 23
        },
        "CRB15000.Policy.ExtrinsicReward.sum": {
            "value": 3125.0163859426975,
            "min": 1124.715031787753,
            "max": 3125.0163859426975,
            "count": 23
        },
        "CRB15000.IsTraining.mean": {
            "value": 1.0,
            "min": 1.0,
            "max": 1.0,
            "count": 23
        },
        "CRB15000.IsTraining.sum": {
            "value": 1.0,
            "min": 1.0,
            "max": 1.0,
            "count": 23
        },
        "CRB15000.Losses.PolicyLoss.mean": {
            "value": 0.011410950603021774,
            "min": 0.00973470593885395,
            "max": 0.013998065166833839,
            "count": 22
        },
        "CRB15000.Losses.PolicyLoss.sum": {
            "value": 0.011410950603021774,
            "min": 0.00973470593885395,
            "max": 0.013998065166833839,
            "count": 22
        },
        "CRB15000.Losses.ValueLoss.mean": {
            "value": 0.01710924963699654,
            "min": 0.016698599769733848,
            "max": 0.0232031867839396,
            "count": 22
        },
        "CRB15000.Losses.ValueLoss.sum": {
            "value": 0.01710924963699654,
            "min": 0.016698599769733848,
            "max": 0.0232031867839396,
            "count": 22
        },
        "CRB15000.Policy.LearningRate.mean": {
            "value": 0.00011927556024149999,
            "min": 0.00011927556024149999,
            "max": 0.00017089870303378004,
            "count": 22
        },
        "CRB15000.Policy.LearningRate.sum": {
            "value": 0.00011927556024149999,
            "min": 0.00011927556024149999,
            "max": 0.00017089870303378004,
            "count": 22
        },
        "CRB15000.Policy.Epsilon.mean": {
            "value": 0.13975850000000004,
            "min": 0.13975850000000004,
            "max": 0.15696622,
            "count": 22
        },
        "CRB15000.Policy.Epsilon.sum": {
            "value": 0.13975850000000004,
            "min": 0.13975850000000004,
            "max": 0.15696622,
            "count": 22
        },
        "CRB15000.Policy.Beta.mean": {
            "value": 0.00199394915,
            "min": 0.00199394915,
            "max": 0.002852614378,
            "count": 22
        },
        "CRB15000.Policy.Beta.sum": {
            "value": 0.00199394915,
            "min": 0.00199394915,
            "max": 0.002852614378,
            "count": 22
        }
    },
    "metadata": {
        "timer_format_version": "0.1.0",
        "start_time_seconds": "1719233064",
        "python_version": "3.10.12 | packaged by Anaconda, Inc. | (main, Jul  5 2023, 19:01:18) [MSC v.1916 64 bit (AMD64)]",
        "command_line_arguments": "C:\\Users\\18125\\anaconda3\\envs\\mlagents\\Scripts\\mlagents-learn ./config/HighBatch.yaml --run-id rq5 --env=./Builds/rq5/ABB-RL --num-envs=8 --resume",
        "mlagents_version": "1.0.0",
        "mlagents_envs_version": "1.0.0",
        "communication_protocol_version": "1.5.0",
        "pytorch_version": "2.3.0+cpu",
        "numpy_version": "1.22.4",
        "end_time_seconds": "1719248570"
    },
    "total": 15506.322538900014,
    "count": 1,
    "self": 4.787671600061003,
    "children": {
        "run_training.setup": {
            "total": 0.3606224999530241,
            "count": 1,
            "self": 0.3606224999530241
        },
        "TrainerController.start_learning": {
            "total": 15501.1742448,
            "count": 1,
            "self": 16.312447290401906,
            "children": {
                "TrainerController._reset_env": {
                    "total": 7.188370099989697,
                    "count": 1,
                    "self": 7.188370099989697
                },
                "TrainerController.advance": {
                    "total": 15477.64308210963,
                    "count": 1021662,
                    "self": 14.899124193412717,
                    "children": {
                        "env_step": {
                            "total": 14730.030227975629,
                            "count": 1021662,
                            "self": 13946.985350701725,
                            "children": {
                                "SubprocessEnvManager._take_step": {
                                    "total": 772.9336707261973,
                                    "count": 1031359,
                                    "self": 41.37682440242497,
                                    "children": {
                                        "TorchPolicy.evaluate": {
                                            "total": 731.5568463237723,
                                            "count": 952407,
                                            "self": 731.5568463237723
                                        }
                                    }
                                },
                                "workers": {
                                    "total": 10.111206547706388,
                                    "count": 1021661,
                                    "self": 0.0,
                                    "children": {
                                        "worker_root": {
                                            "total": 123930.58451141097,
                                            "count": 1031351,
                                            "is_parallel": true,
                                            "self": 6242.759383179189,
                                            "children": {
                                                "steps_from_proto": {
                                                    "total": 0.0013176999636925757,
                                                    "count": 8,
                                                    "is_parallel": true,