{
    "name": "root",
    "gauges": {
        "CRB15000.Policy.Entropy.mean": {
            "value": -2.3335375785827637,
            "min": -2.3335375785827637,
            "max": -0.45570671558380127,
            "count": 357
        },
        "CRB15000.Policy.Entropy.sum": {
            "value": -382326.8125,
            "min": -384120.0625,
            "max": -35066.26953125,
            "count": 357
        },
        "CRB15000.Environment.EpisodeLength.mean": {
            "value": 99.0,
            "min": 83.76923076923077,
            "max": 99.0,
            "count": 357
        },
        "CRB15000.Environment.EpisodeLength.sum": {
            "value": 161766.0,
            "min": 69696.0,
            "max": 163350.0,
            "count": 357
        },
        "CRB15000.Step.mean": {
            "value": 73727921.0,
            "min": 15400896.0,
            "max": 73727921.0,
            "count": 357
        },
        "CRB15000.Step.sum": {
            "value": 73727921.0,
            "min": 15400896.0,
            "max": 73727921.0,
            "count": 357
        },
        "CRB15000.Policy.ExtrinsicValueEstimate.mean": {
            "value": -0.21277537941932678,
            "min": -0.34202420711517334,
            "max": -0.20697887241840363,
            "count": 357
        },
        "CRB15000.Policy.ExtrinsicValueEstimate.sum": {
            "value": -348.52606201171875,
            "min": -554.38232421875,
            "max": -279.43377685546875,
            "count": 357
        },
        "CRB15000.Environment.CumulativeReward.mean": {
            "value": -0.11043259978127497,
            "min": -0.2762322972829008,
            "max": -0.10645957448720472,
            "count": 357
        },
        "CRB15000.Environment.CumulativeReward.sum": {
            "value": -180.8885984417284,
            "min": -264.54070980101824,
            "max": -174.38078301004134,
            "count": 357
        },
        "CRB15000.Policy.ExtrinsicReward.mean": {
            "value": -0.11043259978127497,
            "min": -0.2762322972829008,
            "max": -0.10645957448720472,
            "count": 357
        },
        "CRB15000.Policy.ExtrinsicReward.sum": {
            "value": -180.8885984417284,
            "min": -264.54070980101824,
            "max": -174.38078301004134,
            "count": 357
        },
        "CRB15000.IsTraining.mean": {
            "value": 1.0,
            "min": 1.0,
            "max": 1.0,
            "count": 357
        },
        "CRB15000.IsTraining.sum": {
            "value": 1.0,
            "min": 1.0,
            "max": 1.0,
            "count": 357
        },
        "CRB15000.Losses.PolicyLoss.mean": {
            "value": 0.009176997330939685,
            "min": 0.006789510460384918,
            "max": 0.010230803862032189,
            "count": 356
        },
        "CRB15000.Losses.PolicyLoss.sum": {
            "value": 0.01835399466187937,
            "min": 0.008297365699218063,
            "max": 0.020461607724064378,
            "count": 356
        },
        "CRB15000.Losses.ValueLoss.mean": {
            "value": 2.7969827408469426e-05,
            "min": 2.6464938514436653e-05,
            "max": 0.0002851175903288094,
            "count": 356
        },
        "CRB15000.Losses.ValueLoss.sum": {
            "value": 5.593965481693885e-05,
            "min": 2.9682212743864512e-05,
            "max": 0.0005702351806576188,
            "count": 356
        },
        "CRB15000.Policy.LearningRate.mean": {
            "value": 0.00025581486212838413,
            "min": 0.00025581486212838413,
            "max": 0.00029072592549135915,
            "count": 356
        },
        "CRB15000.Policy.LearningRate.sum": {
            "value": 0.0005116297242567683,
            "min": 0.0002609241286252948,
            "max": 0.0005814518509827183,
            "count": 356
        },
        "CRB15000.Policy.Epsilon.mean": {
            "value": 0.18527161579999998,
            "min": 0.18527161579999998,
            "max": 0.19690864080000003,
            "count": 356
        },
        "CRB15000.Policy.Epsilon.sum": {
            "value": 0.37054323159999997,
            "min": 0.18697470519999998,
            "max": 0.39381728160000007,
            "count": 356
        },
        "CRB15000.Policy.Beta.mean": {
            "value": 0.0042650536284200005,
            "min": 0.0042650536284200005,
            "max": 0.0048457411759200006,
            "count": 356
        },
        "CRB15000.Policy.Beta.sum": {
            "value": 0.008530107256840001,
            "min": 0.004350037789479999,
            "max": 0.009691482351840001,
            "count": 356
        }
    },
    "metadata": {
        "timer_format_version": "0.1.0",
        "start_time_seconds": "1717559263",
        "python_version": "3.10.12 | packaged by Anaconda, Inc. | (main, Jul  5 2023, 19:01:18) [MSC v.1916 64 bit (AMD64)]",
        "command_line_arguments": "C:\\Users\\18125\\anaconda3\\envs\\mlagents\\Scripts\\mlagents-learn ./config/ABB.yaml --run-id MLPCC --env=./Builds/GymMLPC/ABB-RL --num-envs=8 --resume",
        "mlagents_version": "1.0.0",
        "mlagents_envs_version": "1.0.0",
        "communication_protocol_version": "1.5.0",
        "pytorch_version": "2.3.0+cpu",
        "numpy_version": "1.22.4",
        "end_time_seconds": "1717610211"
    },
    "total": 50948.04798770003,
    "count": 1,
    "self": 4.715861800068524,
    "children": {
        "run_training.setup": {
            "total": 0.6011341999983415,
            "count": 1,
            "self": 0.6011341999983415
        },
        "TrainerController.start_learning": {
            "total": 50942.730991699966,
            "count": 1,
            "self": 58.302478698897175,
            "children": {
                "TrainerController._reset_env": {
                    "total": 4.408013300038874,
                    "count": 1,
                    "self": 4.408013300038874
                },
                "TrainerController.advance": {
                    "total": 50879.97092910105,
                    "count": 2763663,
                    "self": 52.814394575718325,
                    "children": {
                        "env_step": {
                            "total": 11330.326504007098,
                            "count": 2763663,
                            "self": 7076.996708128485,
                            "children": {
                                "SubprocessEnvManager._take_step": {
                                    "total": 4214.402846953017,
                                    "count": 3852727,
                                    "self": 248.2743312077364,
                                    "children": {
                                        "TorchPolicy.evaluate": {
                                            "total": 3966.1285157452803,
                                            "count": 3653455,
                                            "self": 3966.1285157452803
                                        }
                                    }
                                },
                                "workers": {
                                    "total": 38.92694892559666,
                                    "count": 2763662,
                                    "self": 0.0,
                                    "children": {
                                        "worker_root": {
                                            "total": 407415.44708960433,
                                            "count": 3852719,
                                            "is_parallel": true,
                                            "self": 327264.4257010991,
                                            "children": {
                                                "steps_from_proto": {
                                                    "total": 0.004776500049047172,