{
    "name": "root",
    "gauges": {
        "CRB15000.Policy.Entropy.mean": {
            "value": 0.6415416598320007,
            "min": 0.4616173207759857,
            "max": 0.6415416598320007,
            "count": 23
        },
        "CRB15000.Policy.Entropy.sum": {
            "value": 103755.25,
            "min": 46220.8203125,
            "max": 103755.25,
            "count": 23
        },
        "CRB15000.Environment.EpisodeLength.mean": {
            "value": 98.96073619631902,
            "min": 98.83827983040581,
            "max": 99.0,
            "count": 23
        },
        "CRB15000.Environment.EpisodeLength.sum": {
            "value": 161306.0,
            "min": 90288.0,
            "max": 163251.0,
            "count": 23
        },
        "CRB15000.Step.mean": {
            "value": 66355153.0,
            "min": 62750646.0,
            "max": 66355153.0,
            "count": 23
        },
        "CRB15000.Step.sum": {
            "value": 66355153.0,
            "min": 62750646.0,
            "max": 66355153.0,
            "count": 23
        },
        "CRB15000.Policy.ExtrinsicValueEstimate.mean": {
            "value": -163.49058532714844,
            "min": -254.60476684570312,
            "max": -163.49058532714844,
            "count": 23
        },
        "CRB15000.Policy.ExtrinsicValueEstimate.sum": {
            "value": -267961.0625,
            "min": -410474.875,
            "max": -231690.34375,
            "count": 23
        },
        "CRB15000.Environment.CumulativeReward.mean": {
            "value": -92.88720908311899,
            "min": -103.56055313334232,
            "max": -88.30041641226042,
            "count": 23
        },
        "CRB15000.Environment.CumulativeReward.sum": {
            "value": -152242.13568723202,
            "min": -169839.3071386814,
            "max": -81770.35460561514,
            "count": 23
        },
        "CRB15000.Policy.ExtrinsicReward.mean": {
            "value": -92.88720908311899,
            "min": -103.56055313334232,
            "max": -88.30041641226042,
            "count": 23
        },
        "CRB15000.Policy.ExtrinsicReward.sum": {
            "value": -152242.13568723202,
            "min": -169839.3071386814,
            "max": -81770.35460561514,
            "count": 23
        },
        "CRB15000.Losses.PolicyLoss.mean": {
            "value": 0.008291790353783312,
            "min": 0.0072372738389276485,
            "max": 0.009268391588739178,
            "count": 23
        },
        "CRB15000.Losses.PolicyLoss.sum": {
            "value": 0.016583580707566624,
            "min": 0.007431841478319256,
            "max": 0.018536783177478356,
            "count": 23
        },
        "CRB15000.Losses.ValueLoss.mean": {
            "value": 242.8100392818451,
            "min": 242.8100392818451,
            "max": 842.0786102294921,
            "count": 23
        },
        "CRB15000.Losses.ValueLoss.sum": {
            "value": 485.6200785636902,
            "min": 485.6200785636902,
            "max": 1391.827792739868,
            "count": 23
        },
        "CRB15000.Policy.LearningRate.mean": {
            "value": 0.00020058205363932653,
            "min": 0.00020058205363932653,
            "max": 0.00020588576237142304,
            "count": 23
        },
        "CRB15000.Policy.LearningRate.sum": {
            "value": 0.00040116410727865305,
            "min": 0.000205012144662629,
            "max": 0.0004113971998676211,
            "count": 23
        },
        "CRB15000.Policy.Epsilon.mean": {
            "value": 0.1668606735,
            "min": 0.1668606735,
            "max": 0.168628577,
            "count": 23
        },
        "CRB15000.Policy.Epsilon.sum": {
            "value": 0.333721347,
            "min": 0.168337371,
            "max": 0.337132379,
            "count": 23
        },
        "CRB15000.Policy.Beta.mean": {
            "value": 0.0033463476076500006,
            "min": 0.0033463476076500006,
            "max": 0.0034345659923000005,
            "count": 23
        },
        "CRB15000.Policy.Beta.sum": {
            "value": 0.006692695215300001,
            "min": 0.0034200348129000005,
            "max": 0.006862905712100001,
            "count": 23
        },
        "CRB15000.IsTraining.mean": {
            "value": 1.0,
            "min": 1.0,
            "max": 1.0,
            "count": 23
        },
        "CRB15000.IsTraining.sum": {
            "value": 1.0,
            "min": 1.0,
            "max": 1.0,
            "count": 23
        }
    },
    "metadata": {
        "timer_format_version": "0.1.0",
        "start_time_seconds": "1716442998",
        "python_version": "3.10.12 | packaged by Anaconda, Inc. | (main, Jul  5 2023, 19:01:18) [MSC v.1916 64 bit (AMD64)]",
        "command_line_arguments": "C:\\Users\\18125\\anaconda3\\envs\\mlagents\\Scripts\\mlagents-learn ./config/ABB.yaml --run-id CRB15000-Log --env=./Builds/BuildGym/ABB-RL --num-envs=8 --resume",
        "mlagents_version": "1.0.0",
        "mlagents_envs_version": "1.0.0",
        "communication_protocol_version": "1.5.0",
        "pytorch_version": "2.3.0+cpu",
        "numpy_version": "1.22.4",
        "end_time_seconds": "1716445289"
    },
    "total": 2290.5283841000637,
    "count": 1,
    "self": 4.992297900142148,
    "children": {
        "run_training.setup": {
            "total": 0.4832400999730453,
            "count": 1,
            "self": 0.4832400999730453
        },
        "TrainerController.start_learning": {
            "total": 2285.0528460999485,
            "count": 1,
            "self": 3.4600982111878693,
            "children": {
                "TrainerController._reset_env": {
                    "total": 3.558761899941601,
                    "count": 1,
                    "self": 3.558761899941601
                },
                "TrainerController.advance": {
                    "total": 2277.9826461886987,
                    "count": 178680,
                    "self": 3.671126699540764,
                    "children": {
                        "env_step": {
                            "total": 754.7876273026923,
                            "count": 178680,
                            "self": 468.6039682767587,
                            "children": {
                                "SubprocessEnvManager._take_step": {
                                    "total": 283.92975059815217,
                                    "count": 234436,
                                    "self": 16.042380473809317,
                                    "children": {
                                        "TorchPolicy.evaluate": {
                                            "total": 267.88737012434285,
                                            "count": 233615,
                                            "self": 267.88737012434285
                                        }
                                    }
                                },
                                "workers": {
                                    "total": 2.2539084277814254,
                                    "count": 178679,
                                    "self": 0.0,
                                    "children": {
                                        "worker_root": {
                                            "total": 18251.605681639398,
                                            "count": 234428,
                                            "is_parallel": true,
                                            "self": 13005.315145835746,
                                            "children": {
                                                "steps_from_proto": {
                                                    "total": 0.002366000204347074,
                                                    "count": 8,
                                                    "is_parallel": true,